Date,Open,High,Low,Close,Volume,Currency
2013-01-02,9319.67,9410.14,9317.32,9368.38,0,MAD
2013-01-03,9373.48,9392.24,9336.29,9365.84,0,MAD
2013-01-04,9285.77,9303.42,9230.45,9271.61,0,MAD
2013-01-07,9261.08,9265.08,9220.66,9264.71,0,MAD
2013-01-08,9239.1,9287.63,9223.06,9287.46,0,MAD
2013-01-09,9293.77,9302.9,9254.83,9297.75,0,MAD
2013-01-10,9317.89,9322.42,9218.2,9227.5,0,MAD
2013-01-14,9230.96,9239.8,9156.85,9156.85,0,MAD
2013-01-15,9102.75,9115.18,9029.99,9029.99,0,MAD
2013-01-16,9012.04,9054.15,8839.33,8892.82,0,MAD
2013-01-17,8862.95,8942.77,8818.04,8929.43,0,MAD
2013-01-18,8914.17,8930.99,8858.68,8927.27,0,MAD
2013-01-21,8893.93,8968.5,8848.2,8968.5,0,MAD
2013-01-22,8927.82,8979.82,8862.62,8979.82,0,MAD
2013-01-23,8925.27,8966.81,8899.59,8899.59,0,MAD
2013-01-28,8883.69,8949.28,8836.42,8948.5,0,MAD
2013-01-29,8905.97,9068.8,8900.66,9017.23,0,MAD
2013-01-30,8971.67,9003.69,8932.71,8949.87,0,MAD
2013-01-31,8933.05,9021.83,8932.66,8996.43,0,MAD
2013-02-01,8994.62,8999.5,8933.3,8933.31,0,MAD
2013-02-04,8972.86,8992.86,8949.15,8984.36,0,MAD
2013-02-05,8951.66,9045.47,8951.66,9045.47,0,MAD
2013-02-06,9033.85,9040.68,8996.39,9040.68,0,MAD
2013-02-07,8979.62,9028.79,8969.19,9028.73,0,MAD
2013-02-08,9010.6,9028.22,8936.5,8936.5,0,MAD
2013-02-11,8945.93,8979.97,8919.67,8979.67,0,MAD
2013-02-12,8959.66,8959.66,8865.36,8920.66,0,MAD
2013-02-13,8891.83,8916.38,8869.28,8906.35,0,MAD
2013-02-14,8897.04,8911.81,8870.81,8911.09,0,MAD
2013-02-15,8891.38,8891.38,8846.92,8847.04,0,MAD
2013-02-18,8816.33,8869.68,8815.86,8869.68,0,MAD
2013-02-19,8816.5,8861.28,8807.4,8852.88,0,MAD
2013-02-20,8852.88,8946.23,8803.97,8885.81,0,MAD
2013-02-21,8842.42,8924.94,8827.68,8897.37,0,MAD
2013-02-22,8876.04,8903.53,8817.89,8833.12,0,MAD
2013-02-25,8825.9,8880.33,8805.38,8880.33,0,MAD
2013-02-26,8864.43,8878.11,8827.71,8836.96,0,MAD
2013-02-27,8857.94,8896.57,8850.85,8896.57,0,MAD
2013-02-28,8883.12,8933.0,8852.14,8932.82,0,MAD
2013-03-01,8879.23,8888.54,8828.85,8828.85,0,MAD
2013-03-04,8826.01,8847.74,8811.97,8847.63,0,MAD
2013-03-05,8808.07,8872.79,8807.19,8868.79,0,MAD
2013-03-06,8857.92,8874.51,8832.36,8866.69,0,MAD
2013-03-07,8872.41,8880.1,8798.42,8798.42,0,MAD
2013-03-08,8789.61,8814.88,8759.08,8759.15,0,MAD
2013-03-11,8765.17,8790.38,8711.7,8752.6,0,MAD
2013-03-12,8743.53,8823.34,8734.7,8819.46,0,MAD
2013-03-13,8833.2,8887.18,8812.17,8887.09,0,MAD
2013-03-14,8855.84,8862.48,8822.62,8845.24,0,MAD
2013-03-15,8814.37,8872.22,8797.56,8834.71,0,MAD
2013-03-18,8845.71,8859.96,8797.92,8856.52,0,MAD
2013-03-19,8839.22,8860.33,8811.94,8860.33,0,MAD
2013-03-20,8842.95,8859.31,8833.63,8852.9,0,MAD
2013-03-21,8855.98,8885.18,8835.56,8872.99,0,MAD
2013-03-22,8881.06,8913.79,8854.56,8913.79,0,MAD
2013-03-25,8902.02,8929.34,8872.1,8914.73,0,MAD
2013-03-26,8915.14,8928.54,8875.17,8928.32,0,MAD
2013-03-27,8890.33,8969.39,8890.33,8969.39,0,MAD
2013-03-28,8923.47,9037.27,8922.1,9037.07,0,MAD
2013-03-29,9054.96,9054.96,9001.05,9040.96,0,MAD
2013-04-01,9019.86,9073.92,9011.71,9073.52,0,MAD
2013-04-02,9069.58,9092.52,9029.75,9091.77,0,MAD
2013-04-03,9050.57,9058.96,9029.25,9051.71,0,MAD
2013-04-04,9023.12,9055.58,9020.38,9055.25,0,MAD
2013-04-05,9048.7,9066.86,9030.31,9066.71,0,MAD
2013-04-08,9086.66,9135.97,9055.14,9131.55,0,MAD
2013-04-09,9127.05,9207.17,9095.71,9205.56,0,MAD
2013-04-10,9178.61,9256.68,9155.26,9207.8,0,MAD
2013-04-11,9204.78,9260.32,9188.09,9260.32,0,MAD
2013-04-12,9232.87,9279.85,9227.42,9262.38,0,MAD
2013-04-15,9263.85,9283.5,9252.76,9272.19,0,MAD
2013-04-16,9269.35,9269.35,9239.62,9261.91,0,MAD
2013-04-17,9257.57,9276.41,9245.68,9273.07,0,MAD
2013-04-18,9271.91,9299.48,9234.04,9234.04,0,MAD
2013-04-19,9265.33,9266.0,9218.0,9260.51,0,MAD
2013-04-22,9259.89,9272.42,9222.77,9261.58,0,MAD
2013-04-23,9257.33,9276.57,9178.75,9178.75,0,MAD
2013-04-24,9181.21,9228.13,9141.19,9227.8,0,MAD
2013-04-25,9179.53,9238.99,9150.44,9229.29,0,MAD
2013-04-26,9223.06,9253.28,9195.73,9238.78,0,MAD
2013-04-29,9239.49,9258.21,9194.98,9227.64,0,MAD
2013-04-30,9201.84,9207.82,9076.3,9145.51,0,MAD
2013-05-02,9088.61,9143.38,9052.69,9143.37,0,MAD
2013-05-03,9180.57,9200.41,9136.78,9200.41,0,MAD
2013-05-06,9184.47,9205.56,9179.71,9205.56,0,MAD
2013-05-07,9209.12,9259.32,9165.87,9259.32,0,MAD
2013-05-08,9233.83,9277.82,9208.93,9277.82,0,MAD
2013-05-09,9277.04,9279.85,9228.68,9279.85,0,MAD
2013-05-10,9237.74,9244.62,9217.89,9217.89,0,MAD
2013-05-13,9230.06,9254.54,9217.58,9243.73,0,MAD
2013-05-14,9224.4,9235.26,9164.37,9164.37,0,MAD
2013-05-15,9204.49,9214.69,9157.06,9166.77,0,MAD
2013-05-16,9179.37,9181.75,9142.29,9159.61,0,MAD
2013-05-17,9096.11,9097.28,9027.57,9027.69,0,MAD
2013-05-20,9019.32,9077.16,9019.32,9040.31,0,MAD
2013-05-21,9055.42,9077.1,9028.19,9028.19,0,MAD
2013-05-22,8999.57,9013.8,8962.45,8962.45,0,MAD
2013-05-23,8898.49,8898.49,8787.75,8828.48,0,MAD
2013-05-24,8810.54,8848.3,8782.6,8811.42,0,MAD
2013-05-27,8791.53,8795.54,8727.85,8795.53,0,MAD
2013-05-28,8774.95,8793.49,8754.2,8787.03,0,MAD
2013-05-29,8824.65,8856.15,8807.43,8856.15,0,MAD
2013-05-30,8805.07,8839.17,8776.28,8815.78,0,MAD
2013-05-31,8802.61,8906.65,8800.97,8906.65,0,MAD
2013-06-03,8902.47,8902.47,8875.86,8875.99,0,MAD
2013-06-04,8869.6,8906.31,8826.83,8906.31,0,MAD
2013-06-05,8860.06,8892.0,8848.94,8891.89,0,MAD
2013-06-06,8866.08,8867.74,8805.69,8829.1,0,MAD
2013-06-07,8822.94,8839.77,8810.54,8826.53,0,MAD
2013-06-10,8828.35,8828.35,8761.34,8761.34,0,MAD
2013-06-11,8762.69,8762.88,8670.63,8714.93,0,MAD
2013-06-12,8713.99,8787.25,8675.66,8787.15,0,MAD
2013-06-13,8754.68,8786.88,8752.62,8763.14,0,MAD
2013-06-14,8731.29,8753.04,8694.15,8700.99,0,MAD
2013-06-17,8712.53,8732.11,8660.71,8698.03,0,MAD
2013-06-18,8716.7,8799.82,8707.83,8799.82,0,MAD
2013-06-19,8817.75,8860.56,8777.66,8860.56,0,MAD
2013-06-20,8813.49,8943.88,8803.87,8940.26,0,MAD
2013-06-21,8900.57,8959.1,8860.91,8860.91,0,MAD
2013-06-24,8843.87,8865.9,8816.96,8846.27,0,MAD
2013-06-25,8823.29,8914.63,8815.82,8913.7,0,MAD
2013-06-26,8921.39,8956.19,8884.39,8924.68,0,MAD
2013-06-27,8925.4,8928.7,8845.54,8873.28,0,MAD
2013-06-28,8781.77,8814.14,8745.91,8792.15,0,MAD
2013-07-01,8732.11,8786.14,8695.81,8783.22,0,MAD
2013-07-02,8750.3,8791.0,8745.48,8788.08,0,MAD
2013-07-03,8774.46,8809.64,8742.53,8802.9,0,MAD
2013-07-04,8777.41,8806.56,8730.98,8732.77,0,MAD
2013-07-05,8714.39,8740.67,8609.83,8663.71,0,MAD
2013-07-08,8654.79,8668.79,8601.89,8652.19,0,MAD
2013-07-09,8674.94,8681.51,8612.24,8655.57,0,MAD
2013-07-10,8650.17,8669.65,8619.5,8669.65,0,MAD
2013-07-11,8622.04,8693.88,8613.18,8693.86,0,MAD
2013-07-12,8675.78,8715.47,8657.91,8715.47,0,MAD
2013-07-15,8717.59,8725.59,8678.16,8715.83,0,MAD
2013-07-16,8699.42,8703.62,8684.39,8698.26,0,MAD
2013-07-17,8690.36,8772.14,8665.67,8772.14,0,MAD
2013-07-18,8756.49,8763.96,8728.05,8761.19,0,MAD
2013-07-19,8743.03,8784.16,8707.17,8784.14,0,MAD
2013-07-22,8712.41,8716.38,8696.04,8712.48,0,MAD
2013-07-23,8587.2,8619.72,8576.64,8579.8,0,MAD
2013-07-24,8622.43,8622.43,8548.74,8586.25,0,MAD
2013-07-25,8594.96,8624.04,8563.91,8624.04,0,MAD
2013-07-26,8617.57,8658.45,8584.36,8658.45,0,MAD
2013-07-29,8650.99,8650.99,8579.85,8579.85,0,MAD
2013-07-31,8591.28,8604.2,8557.08,8577.59,0,MAD
2013-08-01,8553.66,8584.18,8552.89,8561.63,0,MAD
2013-08-02,8548.54,8581.81,8544.51,8570.01,0,MAD
2013-08-05,8541.62,8561.31,8476.59,8541.97,0,MAD
2013-08-06,8524.48,8578.1,8510.49,8578.06,0,MAD
2013-08-07,8562.45,8562.45,8524.19,8541.7,0,MAD
2013-08-08,8531.67,8531.8,8506.23,8529.99,0,MAD
2013-08-12,8534.68,8542.85,8480.89,8488.47,0,MAD
2013-08-13,8484.19,8563.01,8477.38,8549.3,0,MAD
2013-08-15,8575.67,8575.67,8492.16,8492.16,0,MAD
2013-08-16,8465.26,8506.54,8463.97,8506.54,0,MAD
2013-08-19,8463.95,8494.28,8444.2,8465.6,0,MAD
2013-08-22,8450.04,8475.13,8412.27,8452.49,0,MAD
2013-08-23,8456.08,8473.16,8439.4,8473.16,0,MAD
2013-08-26,8451.76,8472.18,8429.88,8453.9,0,MAD
2013-08-27,8460.65,8462.94,8418.35,8419.04,0,MAD
2013-08-28,8390.35,8405.07,8377.73,8405.07,0,MAD
2013-08-29,8378.53,8386.61,8339.21,8356.4,0,MAD
2013-08-30,8351.8,8431.55,8334.51,8413.72,0,MAD
2013-09-02,8407.03,8445.9,8391.43,8434.87,0,MAD
2013-09-03,8404.09,8442.19,8401.88,8420.28,0,MAD
2013-09-04,8412.86,8454.47,8389.8,8454.47,0,MAD
2013-09-05,8449.29,8478.5,8416.92,8464.29,0,MAD
2013-09-06,8449.26,8473.2,8438.79,8473.2,0,MAD
2013-09-09,8472.47,8477.13,8457.94,8463.15,0,MAD
2013-09-10,8464.56,8464.96,8445.52,8450.59,0,MAD
2013-09-11,8421.29,8452.53,8393.31,8447.77,0,MAD
2013-09-12,8456.07,8457.7,8417.3,8423.17,0,MAD
2013-09-13,8420.91,8473.35,8420.44,8463.5,0,MAD
2013-09-16,8432.88,8477.74,8406.81,8472.5,0,MAD
2013-09-17,8434.85,8441.59,8377.67,8425.63,0,MAD
2013-09-18,8405.08,8423.05,8385.81,8413.1,0,MAD
2013-09-19,8391.51,8419.0,8361.76,8391.8,0,MAD
2013-09-20,8370.46,8420.87,8358.1,8420.87,0,MAD
2013-09-23,8402.29,8409.02,8366.63,8409.02,0,MAD
2013-09-24,8398.24,8474.12,8383.37,8474.12,0,MAD
2013-09-25,8442.5,8542.1,8434.43,8542.1,0,MAD
2013-09-26,8526.06,8615.92,8523.17,8615.92,0,MAD
2013-09-27,8617.8,8815.14,8617.8,8680.7,0,MAD
2013-09-30,8677.69,8705.61,8630.36,8673.49,0,MAD
2013-10-01,8659.87,8670.01,8600.61,8613.26,0,MAD
2013-10-02,8614.72,8636.89,8590.93,8627.71,0,MAD
2013-10-03,8616.28,8647.77,8613.31,8635.68,0,MAD
2013-10-04,8601.63,8714.66,8593.02,8714.66,0,MAD
2013-10-07,8714.51,8734.19,8672.54,8734.19,0,MAD
2013-10-08,8749.49,8940.69,8749.49,8940.69,0,MAD
2013-10-09,8957.09,9005.81,8877.97,8877.97,0,MAD
2013-10-10,8839.59,8864.83,8821.78,8864.83,0,MAD
2013-10-11,8898.83,8907.01,8822.52,8835.01,0,MAD
2013-10-14,8854.11,8856.02,8819.07,8836.39,0,MAD
2013-10-15,8864.34,8881.61,8805.14,8881.61,0,MAD
2013-10-21,8881.38,8898.31,8824.06,8898.31,0,MAD
2013-10-22,8906.95,8942.13,8873.61,8935.94,0,MAD
2013-10-23,8978.29,9005.94,8939.25,9005.94,0,MAD
2013-10-24,9005.88,9117.43,8992.37,9110.14,0,MAD
2013-10-25,9108.76,9222.3,9077.65,9222.3,0,MAD
2013-10-28,9208.3,9451.83,9197.63,9418.49,0,MAD
2013-10-29,9407.8,9497.98,9354.34,9401.72,0,MAD
2013-10-30,9416.9,9430.24,9346.32,9393.62,0,MAD
2013-10-31,9359.02,9405.86,9346.92,9385.49,0,MAD
2013-11-01,9366.12,9374.81,9322.1,9322.1,0,MAD
2013-11-04,9308.5,9340.75,9288.85,9310.91,0,MAD
2013-11-07,9301.47,9305.1,9242.37,9304.98,0,MAD
2013-11-08,9298.06,9356.07,9266.31,9295.56,0,MAD
2013-11-11,9295.57,9318.96,9259.66,9259.66,0,MAD
2013-11-12,9278.34,9281.26,9197.4,9214.88,0,MAD
2013-11-13,9196.22,9270.47,9187.72,9266.37,0,MAD
2013-11-14,9256.22,9302.93,9256.22,9280.62,0,MAD
2013-11-15,9270.25,9292.87,9249.18,9249.18,0,MAD
2013-11-19,9222.94,9253.27,9209.86,9249.8,0,MAD
2013-11-20,9217.37,9244.31,9199.52,9244.31,0,MAD
2013-11-21,9213.25,9232.38,9198.29,9199.4,0,MAD
2013-11-22,9191.96,9195.54,9136.1,9159.77,0,MAD
2013-11-25,9119.52,9275.38,9114.01,9275.38,0,MAD
2013-11-26,9285.15,9295.57,9229.67,9250.36,0,MAD
2013-11-27,9269.14,9332.72,9246.36,9292.18,0,MAD
2013-11-28,9316.89,9318.06,9247.35,9291.74,0,MAD
2013-11-29,9309.44,9326.08,9262.49,9262.49,0,MAD
2013-12-02,9259.18,9297.4,9254.71,9297.4,0,MAD
2013-12-03,9308.96,9332.21,9276.7,9321.07,0,MAD
2013-12-04,9283.85,9348.76,9268.85,9330.21,0,MAD
2013-12-05,9308.43,9353.22,9308.12,9327.31,0,MAD
2013-12-06,9310.02,9340.03,9240.39,9240.41,0,MAD
2013-12-09,9235.06,9277.0,9199.47,9221.4,0,MAD
2013-12-10,9203.46,9263.15,9196.77,9241.4,0,MAD
2013-12-11,9239.97,9252.3,9194.57,9252.3,0,MAD
2013-12-12,9241.91,9320.66,9241.91,9320.66,0,MAD
2013-12-13,9301.7,9341.26,9295.89,9315.57,0,MAD
2013-12-16,9306.56,9354.52,9293.17,9354.52,0,MAD
2013-12-17,9360.36,9362.34,9319.79,9349.76,0,MAD
2013-12-18,9330.64,9350.23,9297.43,9340.2,0,MAD
2013-12-19,9317.66,9367.56,9314.76,9367.56,0,MAD
2013-12-20,9335.8,9340.24,9269.68,9279.48,0,MAD
2013-12-23,9270.72,9299.13,9260.04,9293.26,0,MAD
2013-12-24,9283.55,9292.55,9251.89,9292.53,0,MAD
2013-12-25,9269.99,9277.27,9243.24,9259.52,0,MAD
2013-12-26,9262.49,9298.94,9210.57,9210.57,0,MAD
2013-12-27,9215.24,9240.88,9203.91,9209.8,0,MAD
2013-12-30,9230.54,9230.73,9166.44,9194.87,0,MAD
2013-12-31,9162.87,9208.59,9114.14,9114.14,0,MAD
2014-01-02,9093.22,9144.94,9069.63,9144.94,0,MAD
2014-01-03,9168.57,9184.35,9119.92,9154.17,0,MAD
2014-01-06,9162.89,9230.32,9136.72,9230.32,0,MAD
2014-01-07,9211.57,9271.02,9183.99,9271.02,0,MAD
2014-01-08,9196.93,9215.74,9177.28,9215.74,0,MAD
2014-01-09,9197.68,9250.31,9195.8,9239.9,0,MAD
2014-01-10,9242.01,9242.01,9079.1,9079.1,0,MAD
2014-01-13,9088.63,9136.11,9076.28,9117.9,0,MAD
2014-01-16,9099.57,9182.83,9099.12,9182.1,0,MAD
2014-01-17,9176.07,9190.08,9156.8,9190.08,0,MAD
2014-01-20,9182.55,9190.69,9156.63,9180.16,0,MAD
2014-01-21,9179.64,9194.84,9159.37,9194.84,0,MAD
2014-01-22,9178.62,9179.05,9104.43,9105.02,0,MAD
2014-01-23,9105.17,9156.07,9088.38,9141.18,0,MAD
2014-01-24,9132.46,9157.6,9119.3,9120.19,0,MAD
2014-01-27,9131.38,9157.18,9107.38,9157.18,0,MAD
2014-01-28,9157.03,9165.61,9125.38,9132.96,0,MAD
2014-01-29,9119.08,9149.42,9107.83,9135.67,0,MAD
2014-01-30,9125.66,9140.11,9098.71,9140.11,0,MAD
2014-01-31,9113.65,9124.6,9098.8,9121.28,0,MAD
2014-02-03,9126.6,9169.23,9113.65,9169.23,0,MAD
2014-02-04,9169.22,9169.22,9102.89,9146.52,0,MAD
2014-02-05,9115.09,9121.27,9095.35,9104.97,0,MAD
2014-02-06,9108.6,9108.6,9081.57,9085.9,0,MAD
2014-02-07,9089.2,9148.89,9088.78,9148.89,0,MAD
2014-02-10,9123.46,9155.71,9116.13,9154.93,0,MAD
2014-02-11,9139.42,9150.15,9129.75,9145.7,0,MAD
2014-02-12,9134.89,9169.24,9105.35,9169.24,0,MAD
2014-02-13,9116.12,9138.2,9102.71,9138.2,0,MAD
2014-02-14,9129.79,9205.78,9112.64,9205.78,0,MAD
2014-02-17,9205.52,9205.52,9156.07,9178.38,0,MAD
2014-02-18,9171.6,9228.9,9167.93,9228.9,0,MAD
2014-02-19,9228.79,9241.16,9214.54,9241.16,0,MAD
2014-02-20,9238.08,9243.31,9204.44,9243.31,0,MAD
2014-02-21,9231.08,9258.73,9220.0,9258.73,0,MAD
2014-02-24,9226.12,9237.05,9208.13,9237.05,0,MAD
2014-02-25,9221.93,9236.12,9210.93,9217.26,0,MAD
2014-02-26,9218.48,9232.31,9214.07,9232.31,0,MAD
2014-02-27,9227.18,9276.94,9227.18,9276.94,0,MAD
2014-02-28,9265.91,9442.36,9265.91,9442.36,0,MAD
2014-03-03,9405.73,9465.69,9402.78,9441.76,0,MAD
2014-03-04,9441.76,9485.96,9441.76,9485.96,0,MAD
2014-03-05,9478.56,9512.92,9460.65,9496.94,0,MAD
2014-03-06,9494.34,9579.0,9469.7,9523.09,0,MAD
2014-03-07,9539.82,9547.84,9521.76,9544.1,0,MAD
2014-03-10,9551.93,9558.66,9504.55,9557.41,0,MAD
2014-03-11,9533.45,9572.7,9513.96,9561.46,0,MAD
2014-03-12,9547.89,9563.78,9517.19,9550.09,0,MAD
2014-03-13,9535.03,9589.7,9519.96,9588.97,0,MAD
2014-03-14,9545.45,9571.64,9527.35,9571.64,0,MAD
2014-03-17,9571.92,9593.38,9548.76,9593.38,0,MAD
2014-03-18,9559.0,9581.95,9559.0,9577.86,0,MAD
2014-03-19,9568.34,9601.92,9560.46,9601.92,0,MAD
2014-03-20,9588.92,9604.65,9570.43,9590.21,0,MAD
2014-03-21,9548.83,9578.3,9540.52,9576.3,0,MAD
2014-03-24,9591.03,9594.91,9556.25,9561.77,0,MAD
2014-03-25,9548.42,9579.02,9537.35,9579.02,0,MAD
2014-03-26,9561.38,9614.77,9550.47,9614.77,0,MAD
2014-03-27,9627.22,9648.36,9590.06,9646.25,0,MAD
2014-03-28,9643.09,9643.09,9565.22,9587.03,0,MAD
2014-03-31,9557.44,9578.01,9502.89,9519.21,0,MAD
2014-04-01,9508.48,9567.59,9492.66,9567.59,0,MAD
2014-04-02,9558.31,9558.31,9512.49,9525.93,0,MAD
2014-04-03,9500.47,9532.59,9500.47,9532.59,0,MAD
2014-04-04,9507.28,9524.58,9496.66,9522.21,0,MAD
2014-04-07,9519.37,9566.56,9503.35,9563.78,0,MAD
2014-04-08,9575.32,9582.65,9540.15,9563.74,0,MAD
2014-04-09,9559.46,9597.18,9527.26,9595.74,0,MAD
2014-04-10,9565.05,9577.68,9552.16,9567.23,0,MAD
2014-04-11,9541.79,9600.22,9520.93,9600.22,0,MAD
2014-04-14,9563.11,9575.39,9549.9,9575.39,0,MAD
2014-04-15,9562.6,9568.96,9515.84,9568.96,0,MAD
2014-04-16,9528.32,9565.98,9499.91,9565.98,0,MAD
2014-04-17,9525.84,9528.91,9492.03,9528.85,0,MAD
2014-04-18,9531.7,9555.07,9505.38,9555.05,0,MAD
2014-04-21,9556.76,9571.15,9543.84,9570.46,0,MAD
2014-04-22,9527.89,9538.39,9503.66,9511.9,0,MAD
2014-04-23,9508.48,9517.84,9474.38,9517.84,0,MAD
2014-04-24,9509.69,9532.1,9492.55,9525.75,0,MAD
2014-04-25,9513.65,9520.41,9488.01,9515.48,0,MAD
2014-04-28,9514.57,9514.58,9476.57,9504.39,0,MAD
2014-04-29,9496.13,9503.63,9459.15,9459.15,0,MAD
2014-04-30,9474.77,9489.99,9456.49,9471.64,0,MAD
2014-05-02,9458.5,9499.91,9453.91,9484.14,0,MAD
2014-05-05,9503.08,9503.85,9476.15,9502.32,0,MAD
2014-05-06,9456.48,9469.38,9440.69,9468.87,0,MAD
2014-05-07,9437.67,9458.62,9429.01,9458.23,0,MAD
2014-05-08,9427.35,9430.12,9389.47,9430.05,0,MAD
2014-05-09,9430.74,9458.41,9428.22,9455.1,0,MAD
2014-05-12,9458.26,9460.72,9428.97,9457.71,0,MAD
2014-05-13,9445.89,9486.53,9437.33,9486.53,0,MAD
2014-05-14,9464.56,9473.61,9453.5,9471.86,0,MAD
2014-05-15,9473.1,9483.6,9460.33,9460.47,0,MAD
2014-05-16,9446.31,9467.72,9437.95,9449.3,0,MAD
2014-05-19,9452.05,9463.03,9419.17,9462.62,0,MAD
2014-05-20,9452.51,9469.75,9440.89,9456.34,0,MAD
2014-05-21,9454.76,9464.34,9446.01,9462.5,0,MAD
2014-05-22,9459.82,9459.82,9431.51,9433.16,0,MAD
2014-05-23,9437.44,9485.55,9433.19,9485.55,0,MAD
2014-05-26,9366.49,9437.39,9330.82,9378.28,0,MAD
2014-05-27,9361.11,9382.71,9341.74,9382.71,0,MAD
2014-05-28,9366.61,9419.86,9352.38,9410.74,0,MAD
2014-05-29,9402.78,9461.45,9396.08,9459.57,0,MAD
2014-05-30,9459.61,9494.79,9439.3,9494.79,0,MAD
2014-06-02,9495.53,9511.6,9469.49,9469.49,0,MAD
2014-06-03,9467.41,9474.47,9424.82,9437.6,0,MAD
2014-06-04,9423.7,9437.82,9372.35,9424.51,0,MAD
2014-06-05,9404.3,9418.83,9357.0,9361.38,0,MAD
2014-06-06,9358.38,9367.52,9316.38,9338.38,0,MAD
2014-06-09,9328.17,9357.72,9324.35,9350.43,0,MAD
2014-06-10,9346.6,9350.57,9311.37,9328.51,0,MAD
2014-06-11,9332.3,9365.49,9332.29,9349.43,0,MAD
2014-06-12,9346.51,9415.06,9334.28,9415.06,0,MAD
2014-06-13,9392.54,9413.18,9382.36,9398.85,0,MAD
2014-06-16,9363.6,9364.23,9328.15,9331.72,0,MAD
2014-06-17,9312.67,9338.27,9307.94,9319.49,0,MAD
2014-06-18,9320.58,9352.78,9309.55,9323.27,0,MAD
2014-06-19,9320.81,9329.68,9308.34,9308.34,0,MAD
2014-06-20,9301.01,9303.82,9233.44,9271.94,0,MAD
2014-06-23,9238.75,9251.95,9212.57,9217.09,0,MAD
2014-06-24,9203.16,9209.42,9196.53,9203.73,0,MAD
2014-06-25,9188.78,9251.98,9184.92,9239.74,0,MAD
2014-06-26,9213.1,9250.28,9205.5,9250.28,0,MAD
2014-06-27,9233.4,9267.06,9230.94,9247.45,0,MAD
2014-06-30,9217.61,9258.98,9209.59,9226.63,0,MAD
2014-07-01,9195.41,9264.44,9195.41,9259.46,0,MAD
2014-07-02,9232.29,9232.29,9194.98,9213.55,0,MAD
2014-07-03,9188.34,9224.61,9183.51,9218.28,0,MAD
2014-07-04,9183.58,9209.11,9172.53,9205.12,0,MAD
2014-07-07,9189.05,9312.25,9171.58,9312.25,0,MAD
2014-07-08,9256.92,9256.92,9201.68,9224.26,0,MAD
2014-07-09,9207.98,9214.82,9189.46,9206.53,0,MAD
2014-07-10,9175.99,9204.84,9175.68,9204.84,0,MAD
2014-07-11,9183.71,9229.87,9173.28,9229.87,0,MAD
2014-07-14,9237.53,9255.97,9225.22,9255.97,0,MAD
2014-07-15,9254.18,9254.18,9199.74,9236.79,0,MAD
2014-07-16,9233.79,9261.9,9228.52,9261.38,0,MAD
2014-07-17,9237.67,9253.14,9230.08,9241.21,0,MAD
2014-07-18,9217.38,9249.78,9210.49,9249.78,0,MAD
2014-07-21,9238.46,9255.09,9226.34,9255.09,0,MAD
2014-07-22,9236.45,9285.31,9227.72,9259.82,0,MAD
2014-07-23,9258.76,9292.89,9258.76,9292.89,0,MAD
2014-07-24,9299.02,9339.29,9292.49,9333.89,0,MAD
2014-07-25,9321.39,9324.56,9281.66,9300.08,0,MAD
2014-07-31,9288.48,9331.09,9275.07,9331.09,0,MAD
2014-08-01,9284.08,9325.05,9272.66,9325.05,0,MAD
2014-08-04,9311.79,9332.24,9299.83,9332.24,0,MAD
2014-08-05,9312.72,9379.46,9298.22,9379.34,0,MAD
2014-08-06,9340.19,9409.25,9336.76,9409.25,0,MAD
2014-08-07,9430.9,9437.67,9401.46,9433.12,0,MAD
2014-08-08,9414.97,9443.51,9392.9,9426.32,0,MAD
2014-08-11,9431.67,9433.71,9381.27,9433.71,0,MAD
2014-08-12,9405.93,9419.72,9394.82,9401.41,0,MAD
2014-08-13,9415.71,9432.09,9393.68,9413.63,0,MAD
2014-08-15,9436.71,9437.42,9357.84,9414.02,0,MAD
2014-08-18,9394.58,9407.9,9385.3,9393.36,0,MAD
2014-08-19,9402.67,9463.02,9402.49,9418.55,0,MAD
2014-08-22,9410.11,9429.39,9371.46,9429.39,0,MAD
2014-08-25,9399.69,9419.27,9395.78,9415.95,0,MAD
2014-08-26,9429.65,9437.06,9391.24,9428.05,0,MAD
2014-08-27,9425.84,9512.52,9422.34,9489.21,0,MAD
2014-08-28,9487.9,9558.75,9468.03,9558.75,0,MAD
2014-08-29,9553.36,9579.05,9540.2,9544.69,0,MAD
2014-09-01,9543.56,9578.57,9517.7,9567.19,0,MAD
2014-09-02,9582.44,9601.81,9567.77,9594.17,0,MAD
2014-09-03,9574.66,9613.4,9566.17,9609.5,0,MAD
2014-09-04,9582.94,9617.39,9575.33,9608.94,0,MAD
2014-09-05,9593.62,9640.78,9566.49,9635.68,0,MAD
2014-09-08,9635.62,9710.55,9630.81,9694.28,0,MAD
2014-09-09,9686.51,9805.07,9686.51,9805.07,0,MAD
2014-09-10,9803.78,9918.5,9803.78,9918.5,0,MAD
2014-09-11,9930.42,9946.56,9857.34,9857.34,0,MAD
2014-09-12,9802.65,9915.24,9802.65,9830.89,0,MAD
2014-09-15,9817.48,9827.04,9791.24,9825.17,0,MAD
2014-09-16,9765.98,9839.35,9764.27,9839.35,0,MAD
2014-09-17,9835.0,9903.54,9835.0,9902.27,0,MAD
2014-09-18,9902.25,9931.4,9872.94,9906.42,0,MAD
2014-09-19,9907.26,10016.01,9907.26,9966.65,0,MAD
2014-09-22,9966.88,9991.83,9945.96,9985.78,0,MAD
2014-09-23,9971.18,9971.18,9918.5,9961.18,0,MAD
2014-09-24,9954.47,9958.36,9846.22,9898.23,0,MAD
2014-09-25,9866.67,9937.02,9856.35,9935.61,0,MAD
2014-09-26,9915.57,9991.47,9873.81,9991.47,0,MAD
2014-09-29,10013.3,10044.74,9988.86,10016.16,0,MAD
2014-09-30,9982.05,10080.8,9982.05,10080.8,0,MAD
2014-10-01,10050.72,10116.05,10043.19,10095.6,0,MAD
2014-10-02,10084.26,10115.15,10046.58,10046.58,0,MAD
2014-10-03,10041.27,10094.36,10041.27,10071.85,0,MAD
2014-10-07,10096.24,10114.21,10054.04,10054.42,0,MAD
2014-10-08,10100.75,10102.28,10028.57,10042.6,0,MAD
2014-10-09,10050.46,10067.98,9976.96,10032.69,0,MAD
2014-10-10,10015.77,10034.44,9991.14,9991.14,0,MAD
2014-10-13,9987.83,10040.7,9974.72,10012.59,0,MAD
2014-10-14,10009.81,10036.57,9987.31,10011.24,0,MAD
2014-10-15,10014.97,10050.03,10000.01,10043.15,0,MAD
2014-10-16,10035.62,10061.72,9989.74,9993.42,0,MAD
2014-10-17,9975.63,10099.34,9967.84,10099.34,0,MAD
2014-10-20,10092.73,10092.73,10019.35,10031.71,0,MAD
2014-10-21,10022.8,10049.32,10011.08,10038.42,0,MAD
2014-10-22,10042.89,10089.24,10030.14,10089.24,0,MAD
2014-10-23,10114.97,10157.01,10076.5,10140.74,0,MAD
2014-10-24,10134.74,10288.04,10134.74,10221.38,0,MAD
2014-10-27,10208.31,10217.16,10138.9,10179.03,0,MAD
2014-10-28,10193.17,10216.22,10153.17,10180.5,0,MAD
2014-10-29,10160.88,10264.0,10160.88,10260.27,0,MAD
2014-10-30,10245.12,10364.56,10243.34,10364.56,0,MAD
2014-10-31,10334.88,10358.64,10302.54,10352.05,0,MAD
2014-11-03,10328.64,10380.89,10322.06,10370.92,0,MAD
2014-11-04,10356.76,10381.72,10338.87,10338.87,0,MAD
2014-11-05,10335.36,10336.89,10268.41,10268.41,0,MAD
2014-11-07,10270.76,10284.58,10237.78,10258.92,0,MAD
2014-11-10,10233.28,10259.46,10218.57,10221.82,0,MAD
2014-11-11,10197.37,10226.25,10187.58,10219.13,0,MAD
2014-11-12,10200.14,10211.26,10174.8,10187.47,0,MAD
2014-11-13,10166.94,10186.1,10128.98,10128.98,0,MAD
2014-11-14,10136.38,10145.03,10080.6,10127.05,0,MAD
2014-11-17,10105.68,10178.19,10099.3,10178.19,0,MAD
2014-11-19,10169.53,10183.44,10082.52,10082.52,0,MAD
2014-11-20,10068.73,10125.54,10068.73,10091.05,0,MAD
2014-11-21,10070.33,10131.79,10055.21,10131.79,0,MAD
2014-11-24,10119.91,10132.73,10050.58,10050.89,0,MAD
2014-11-25,10038.07,10065.88,10005.86,10050.98,0,MAD
2014-11-26,10023.55,10060.64,9996.94,10041.8,0,MAD
2014-11-27,10010.61,10057.13,9988.8,10005.63,0,MAD
2014-11-28,9984.52,10000.84,9949.45,9975.71,0,MAD
2014-12-01,9970.51,10015.5,9934.3,9979.78,0,MAD
2014-12-02,9978.04,9978.04,9885.69,9942.08,0,MAD
2014-12-03,9939.73,9982.98,9937.72,9955.07,0,MAD
2014-12-04,9924.21,9942.66,9909.27,9910.47,0,MAD
2014-12-05,9902.07,9914.38,9844.7,9861.34,0,MAD
2014-12-08,9837.72,9879.6,9830.68,9855.31,0,MAD
2014-12-09,9818.38,9840.79,9791.25,9808.6,0,MAD
2014-12-10,9823.07,9858.53,9773.13,9773.13,0,MAD
2014-12-11,9731.69,9765.47,9683.28,9683.28,0,MAD
2014-12-12,9690.78,9747.8,9678.35,9747.8,0,MAD
2014-12-15,9729.45,9772.37,9687.91,9687.91,0,MAD
2014-12-16,9682.52,9793.35,9676.79,9793.24,0,MAD
2014-12-17,9791.01,9811.59,9744.77,9774.05,0,MAD
2014-12-18,9771.39,9799.18,9739.66,9773.57,0,MAD
2014-12-19,9781.5,9797.98,9617.47,9617.48,0,MAD
2014-12-22,9614.43,9624.8,9587.24,9619.54,0,MAD
2014-12-23,9556.16,9584.11,9532.27,9581.8,0,MAD
2014-12-24,9558.13,9601.8,9545.69,9591.93,0,MAD
2014-12-25,9591.93,9622.06,9561.83,9622.06,0,MAD
2014-12-26,9655.62,9656.06,9618.92,9650.21,0,MAD
2014-12-29,9648.59,9653.79,9616.03,9626.14,0,MAD
2014-12-30,9597.75,9637.55,9589.06,9636.64,0,MAD
2014-12-31,9617.2,9637.47,9596.97,9620.11,0,MAD
2015-01-02,9565.92,9643.19,9565.92,9643.19,0,MAD
2015-01-06,9644.78,9651.78,9610.5,9651.78,0,MAD
2015-01-07,9644.21,9751.01,9628.49,9750.3,0,MAD
2015-01-08,9745.36,9804.37,9699.88,9803.87,0,MAD
2015-01-09,9822.1,9993.19,9810.87,9993.19,0,MAD
2015-01-12,9971.66,10026.79,9944.89,10026.79,0,MAD
2015-01-13,10021.18,10221.94,10018.22,10221.94,0,MAD
2015-01-14,10204.47,10294.65,10188.01,10262.68,0,MAD
2015-01-15,10272.53,10329.14,10203.02,10266.95,0,MAD
2015-01-16,10268.54,10378.22,10268.54,10334.72,0,MAD
2015-01-19,10315.75,10381.58,10260.5,10353.18,0,MAD
2015-01-20,10324.84,10360.87,10277.85,10358.22,0,MAD
2015-01-21,10343.06,10355.81,10263.78,10320.17,0,MAD
2015-01-22,10300.89,10302.92,10233.84,10233.84,0,MAD
2015-01-23,10197.11,10202.68,10147.97,10178.7,0,MAD
2015-01-26,10158.74,10175.38,10114.56,10131.71,0,MAD
2015-01-27,10116.3,10122.38,10083.12,10093.64,0,MAD
2015-01-28,10100.32,10153.16,10057.04,10153.16,0,MAD
2015-01-29,10126.22,10140.59,10070.99,10130.59,0,MAD
2015-01-30,10123.97,10222.56,10076.91,10222.56,0,MAD
2015-02-02,10203.91,10212.52,10153.45,10212.52,0,MAD
2015-02-03,10216.9,10221.24,10138.68,10173.69,0,MAD
2015-02-04,10158.7,10251.67,10158.23,10251.67,0,MAD
2015-02-05,10259.44,10286.19,10246.3,10259.16,0,MAD
2015-02-06,10232.36,10353.17,10232.36,10353.17,0,MAD
2015-02-09,10343.8,10344.19,10244.6,10294.48,0,MAD
2015-02-10,10292.58,10315.3,10267.25,10315.3,0,MAD
2015-02-11,10326.22,10344.31,10304.56,10322.43,0,MAD
2015-02-12,10295.94,10317.75,10263.15,10268.67,0,MAD
2015-02-13,10256.65,10286.75,10248.71,10257.82,0,MAD
2015-02-16,10249.56,10276.01,10232.75,10261.44,0,MAD
2015-02-17,10251.25,10251.25,10179.71,10244.2,0,MAD
2015-02-18,10243.92,10255.3,10192.22,10220.23,0,MAD
2015-02-19,10240.71,10380.36,10233.34,10380.25,0,MAD
2015-02-20,10372.36,10411.99,10332.05,10404.31,0,MAD
2015-02-23,10397.52,10422.04,10376.48,10401.47,0,MAD
2015-02-24,10386.64,10433.27,10361.53,10405.47,0,MAD
2015-02-25,10394.61,10481.97,10392.64,10481.95,0,MAD
2015-02-26,10463.08,10479.75,10437.23,10462.04,0,MAD
2015-02-27,10408.56,10460.62,10397.94,10460.62,0,MAD
2015-03-02,10434.34,10486.72,10433.85,10469.41,0,MAD
2015-03-03,10474.43,10474.43,10393.37,10456.55,0,MAD
2015-03-04,10443.76,10476.02,10425.14,10476.02,0,MAD
2015-03-05,10475.72,10481.35,10436.86,10481.35,0,MAD
2015-03-06,10482.34,10528.28,10456.47,10456.47,0,MAD
2015-03-09,10469.5,10547.66,10467.93,10527.27,0,MAD
2015-03-10,10500.85,10529.66,10487.7,10513.78,0,MAD
2015-03-11,10491.55,10518.82,10485.01,10489.51,0,MAD
2015-03-12,10488.42,10492.51,10442.26,10480.59,0,MAD
2015-03-13,10470.33,10476.89,10430.94,10476.89,0,MAD
2015-03-16,10474.7,10474.7,10424.09,10424.09,0,MAD
2015-03-17,10415.93,10436.67,10380.03,10426.4,0,MAD
2015-03-18,10426.87,10426.87,10287.72,10340.28,0,MAD
2015-03-19,10314.37,10315.63,10256.73,10308.04,0,MAD
2015-03-20,10303.75,10411.72,10303.07,10411.35,0,MAD
2015-03-23,10409.73,10434.98,10378.77,10408.85,0,MAD
2015-03-24,10402.71,10416.41,10360.3,10410.3,0,MAD
2015-03-25,10399.62,10406.88,10360.09,10393.74,0,MAD
2015-03-26,10372.08,10392.17,10295.28,10295.3,0,MAD
2015-03-27,10303.32,10342.84,10276.58,10292.43,0,MAD
2015-03-30,10273.03,10322.09,10256.8,10322.09,0,MAD
2015-03-31,10323.27,10330.26,10269.75,10269.75,0,MAD
2015-04-01,10255.84,10268.08,10182.06,10182.06,0,MAD
2015-04-02,10190.13,10192.38,10071.52,10071.52,0,MAD
2015-04-03,10080.72,10082.6,9947.68,9958.69,0,MAD
2015-04-06,9961.41,10053.06,9931.67,10050.79,0,MAD
2015-04-07,10050.0,10056.16,9983.8,9983.8,0,MAD
2015-04-08,9977.59,10015.45,9943.12,9943.12,0,MAD
2015-04-09,9912.28,9981.66,9910.4,9981.66,0,MAD
2015-04-10,9951.0,9972.17,9878.05,9889.12,0,MAD
2015-04-13,9884.64,9909.79,9857.25,9909.79,0,MAD
2015-04-14,9923.45,9939.12,9898.81,9914.81,0,MAD
2015-04-15,9948.87,9989.8,9927.27,9937.03,0,MAD
2015-04-16,9928.82,9948.99,9885.19,9912.31,0,MAD
2015-04-17,9905.44,9957.59,9854.58,9898.9,0,MAD
2015-04-20,9897.55,9936.63,9862.87,9915.53,0,MAD
2015-04-21,9908.55,9945.46,9893.61,9900.12,0,MAD
2015-04-22,9896.39,9929.57,9874.51,9905.41,0,MAD
2015-04-23,9899.01,9954.63,9891.97,9914.86,0,MAD
2015-04-24,9905.34,9915.85,9869.46,9876.57,0,MAD
2015-04-27,9863.97,9941.58,9863.97,9941.58,0,MAD
2015-04-28,9910.91,9930.84,9888.28,9920.5,0,MAD
2015-04-29,9911.38,9972.59,9900.72,9972.59,0,MAD
2015-04-30,9954.3,9968.65,9937.38,9937.38,0,MAD
2015-05-04,9925.82,9958.0,9908.03,9958.0,0,MAD
2015-05-05,10000.43,10002.57,9917.41,9945.31,0,MAD
2015-05-06,9960.22,9976.48,9872.1,9908.9,0,MAD
2015-05-07,9910.2,9916.67,9858.78,9858.78,0,MAD
2015-05-08,9858.8,9890.26,9850.8,9880.33,0,MAD
2015-05-11,9874.47,9890.17,9840.08,9885.16,0,MAD
2015-05-12,9872.76,9904.05,9858.88,9888.33,0,MAD
2015-05-13,9886.19,9910.49,9831.83,9846.23,0,MAD
2015-05-14,9846.25,9846.25,9826.69,9845.67,0,MAD
2015-05-15,9829.91,9851.73,9816.47,9851.73,0,MAD
2015-05-18,9852.8,9878.59,9838.37,9878.59,0,MAD
2015-05-19,9862.7,9920.9,9844.09,9920.9,0,MAD
2015-05-20,9902.56,9904.67,9872.81,9875.94,0,MAD
2015-05-21,9836.12,9837.4,9781.51,9787.85,0,MAD
2015-05-22,9682.98,9736.13,9657.41,9667.42,0,MAD
2015-05-25,9664.77,9702.03,9658.75,9673.07,0,MAD
2015-05-26,9661.38,9705.58,9630.44,9630.44,0,MAD
2015-05-27,9587.33,9605.62,9569.81,9588.13,0,MAD
2015-05-28,9582.26,9608.7,9580.65,9608.63,0,MAD
2015-05-29,9562.65,9711.36,9533.61,9711.36,0,MAD
2015-06-01,9708.62,9709.31,9678.3,9687.63,0,MAD
2015-06-02,9666.35,9695.76,9647.82,9674.37,0,MAD
2015-06-03,9663.63,9701.77,9655.26,9701.77,0,MAD
2015-06-04,9698.45,9733.46,9689.42,9733.46,0,MAD
2015-06-05,9728.88,9737.31,9700.34,9736.55,0,MAD
2015-06-08,9732.12,9737.17,9678.28,9723.73,0,MAD
2015-06-09,9723.73,9723.73,9592.71,9595.92,0,MAD
2015-06-10,9578.09,9627.59,9566.47,9593.0,0,MAD
2015-06-11,9599.98,9615.87,9576.71,9603.03,0,MAD
2015-06-12,9590.72,9648.37,9578.7,9647.75,0,MAD
2015-06-15,9641.25,9668.49,9606.37,9614.6,0,MAD
2015-06-16,9607.51,9614.21,9524.26,9543.63,0,MAD
2015-06-17,9537.62,9553.58,9484.1,9501.72,0,MAD
2015-06-18,9512.15,9532.74,9481.63,9532.74,0,MAD
2015-06-19,9538.25,9581.36,9524.7,9581.36,0,MAD
2015-06-22,9561.34,9585.49,9515.3,9548.78,0,MAD
2015-06-23,9519.67,9594.16,9506.57,9592.29,0,MAD
2015-06-24,9587.0,9589.92,9547.46,9582.61,0,MAD
2015-06-25,9581.7,9593.23,9545.43,9588.99,0,MAD
2015-06-26,9587.45,9590.56,9515.33,9575.31,0,MAD
2015-06-29,9540.87,9563.26,9528.9,9538.63,0,MAD
2015-06-30,9533.63,9578.34,9493.16,9578.34,0,MAD
2015-07-01,9576.35,9590.24,9534.0,9546.32,0,MAD
2015-07-02,9533.36,9567.42,9523.16,9551.04,0,MAD
2015-07-03,9541.13,9621.22,9532.86,9621.22,0,MAD
2015-07-06,9584.32,9593.57,9543.69,9566.67,0,MAD
2015-07-07,9553.55,9575.01,9505.02,9575.01,0,MAD
2015-07-08,9572.68,9607.24,9548.28,9606.43,0,MAD
2015-07-09,9606.43,9614.7,9555.08,9597.8,0,MAD
2015-07-10,9586.97,9650.09,9578.06,9646.24,0,MAD
2015-07-13,9646.99,9667.98,9628.66,9667.0,0,MAD
2015-07-14,9645.06,9665.97,9632.0,9655.03,0,MAD
2015-07-15,9652.08,9676.09,9642.75,9674.05,0,MAD
2015-07-16,9672.92,9679.55,9615.99,9676.99,0,MAD
2015-07-20,9661.59,9736.46,9661.46,9736.46,0,MAD
2015-07-21,9735.48,9750.01,9672.29,9700.22,0,MAD
2015-07-22,9694.92,9721.17,9633.88,9642.51,0,MAD
2015-07-23,9624.45,9681.46,9624.45,9681.46,0,MAD
2015-07-24,9658.86,9692.06,9636.1,9692.06,0,MAD
2015-07-27,9668.22,9687.43,9651.34,9687.43,0,MAD
2015-07-28,9693.01,9723.19,9674.73,9723.19,0,MAD
2015-07-29,9725.57,9748.62,9704.45,9723.1,0,MAD
2015-07-31,9718.21,9748.55,9706.37,9740.01,0,MAD
2015-08-03,9812.28,9827.7,9755.62,9806.4,0,MAD
2015-08-04,9776.16,9888.96,9770.15,9888.96,0,MAD
2015-08-05,9862.15,9892.79,9797.66,9803.29,0,MAD
2015-08-06,9783.68,9787.66,9697.17,9776.0,0,MAD
2015-08-07,9762.01,9762.39,9711.61,9716.22,0,MAD
2015-08-10,9702.3,9705.24,9674.25,9690.54,0,MAD
2015-08-11,9690.33,9707.04,9664.02,9674.56,0,MAD
2015-08-12,9706.25,9719.18,9663.06,9695.36,0,MAD
2015-08-13,9689.05,9695.58,9634.05,9653.11,0,MAD
2015-08-17,9650.27,9650.36,9497.67,9497.67,0,MAD
2015-08-18,9493.35,9514.1,9474.4,9497.82,0,MAD
2015-08-19,9503.8,9559.11,9481.04,9517.02,0,MAD
2015-08-24,9497.43,9499.94,9430.08,9430.08,0,MAD
2015-08-25,9425.92,9425.92,9314.43,9316.01,0,MAD
2015-08-26,9287.39,9300.44,9252.66,9252.66,0,MAD
2015-08-27,9257.8,9336.93,9257.8,9325.59,0,MAD
2015-08-28,9329.3,9330.53,9287.97,9307.37,0,MAD
2015-08-31,9299.95,9345.7,9273.18,9345.7,0,MAD
2015-09-01,9290.98,9292.67,9233.16,9233.16,0,MAD
2015-09-02,9223.06,9266.32,9192.28,9234.05,0,MAD
2015-09-03,9229.59,9301.86,9215.82,9301.86,0,MAD
2015-09-04,9302.59,9315.14,9247.04,9307.51,0,MAD
2015-09-07,9264.73,9285.57,9244.51,9285.57,0,MAD
2015-09-08,9281.83,9319.72,9258.72,9296.55,0,MAD
2015-09-09,9281.88,9318.99,9280.08,9306.06,0,MAD
2015-09-10,9329.8,9338.87,9279.12,9326.39,0,MAD
2015-09-11,9277.72,9321.89,9271.63,9301.77,0,MAD
2015-09-14,9274.68,9334.35,9261.57,9333.84,0,MAD
2015-09-15,9282.59,9307.59,9250.03,9266.24,0,MAD
2015-09-16,9263.23,9302.29,9239.41,9299.9,0,MAD
2015-09-17,9266.19,9269.43,9200.22,9200.22,0,MAD
2015-09-18,9202.52,9202.52,9061.89,9063.19,0,MAD
2015-09-21,9067.81,9087.24,9037.5,9087.24,0,MAD
2015-09-22,9087.68,9116.65,9054.4,9116.65,0,MAD
2015-09-23,9095.04,9219.13,9091.33,9219.13,0,MAD
2015-09-28,9216.67,9237.8,9155.76,9155.76,0,MAD
2015-09-29,9151.17,9226.88,9133.67,9133.67,0,MAD
2015-09-30,9148.8,9149.7,9114.29,9114.29,0,MAD
2015-10-01,9110.38,9127.44,9085.64,9096.82,0,MAD
2015-10-02,9097.46,9133.81,9082.07,9117.5,0,MAD
2015-10-05,9107.63,9112.42,9020.28,9100.04,0,MAD
2015-10-06,9098.84,9136.52,9048.4,9048.4,0,MAD
2015-10-07,9028.02,9028.02,8963.66,8993.97,0,MAD
2015-10-08,8993.35,9024.82,8931.93,8965.86,0,MAD
2015-10-09,8953.06,9020.26,8946.92,9020.26,0,MAD
2015-10-12,9005.28,9053.02,8970.36,9053.02,0,MAD
2015-10-13,9006.58,9006.58,8940.69,8989.0,0,MAD
2015-10-14,8998.65,9022.65,8973.22,9022.65,0,MAD
2015-10-16,9020.48,9020.67,8969.47,9007.41,0,MAD
2015-10-19,9007.41,9030.81,8945.62,9030.81,0,MAD
2015-10-20,9030.93,9035.93,8988.29,9029.05,0,MAD
2015-10-21,9016.22,9029.86,8972.28,8985.03,0,MAD
2015-10-22,8958.35,8975.1,8940.6,8944.08,0,MAD
2015-10-23,8938.93,9005.9,8921.04,9005.9,0,MAD
2015-10-26,8998.8,9024.21,8974.01,9018.66,0,MAD
2015-10-27,9014.16,9017.83,8948.93,8979.63,0,MAD
2015-10-28,8981.54,9002.17,8977.97,8993.29,0,MAD
2015-10-29,8984.84,9032.78,8982.65,9032.78,0,MAD
2015-10-30,9025.51,9081.8,9000.75,9081.8,0,MAD
2015-11-02,9073.76,9095.97,9059.35,9084.32,0,MAD
2015-11-03,9078.97,9104.71,9054.83,9104.41,0,MAD
2015-11-04,9089.23,9142.06,9059.69,9113.23,0,MAD
2015-11-05,9113.25,9177.06,9073.95,9172.84,0,MAD
2015-11-09,9198.75,9232.25,9176.68,9232.25,0,MAD
2015-11-10,9237.05,9247.97,9182.96,9212.45,0,MAD
2015-11-11,9226.27,9272.16,9213.11,9268.27,0,MAD
2015-11-12,9253.53,9309.51,9231.46,9237.97,0,MAD
2015-11-13,9226.66,9261.07,9175.23,9261.07,0,MAD
2015-11-16,9274.79,9274.79,9192.24,9211.08,0,MAD
2015-11-17,9218.09,9222.16,9177.11,9179.31,0,MAD
2015-11-19,9183.61,9202.76,9159.73,9192.85,0,MAD
2015-11-20,9178.89,9202.55,9152.9,9193.04,0,MAD
2015-11-23,9183.85,9193.76,9105.42,9108.84,0,MAD
2015-11-24,9105.2,9123.82,9094.76,9108.93,0,MAD
2015-11-25,9103.71,9122.7,9095.0,9122.7,0,MAD
2015-11-26,9105.24,9119.59,9044.11,9108.93,0,MAD
2015-11-27,9108.71,9135.61,9079.33,9085.25,0,MAD
2015-11-30,9075.21,9113.27,9051.23,9093.21,0,MAD
2015-12-01,9085.12,9087.08,9050.43,9081.54,0,MAD
2015-12-02,9082.84,9116.88,9050.97,9050.97,0,MAD
2015-12-03,9039.33,9064.14,9034.78,9052.79,0,MAD
2015-12-04,9075.98,9099.75,9027.76,9069.55,0,MAD
2015-12-07,9066.51,9068.24,9017.34,9017.34,0,MAD
2015-12-08,9032.88,9043.73,8998.44,9008.41,0,MAD
2015-12-09,8976.44,8990.56,8910.13,8910.13,0,MAD
2015-12-10,8912.39,8920.21,8858.52,8874.88,0,MAD
2015-12-11,8866.93,8883.76,8847.28,8856.28,0,MAD
2015-12-14,8871.15,8883.68,8836.8,8865.63,0,MAD
2015-12-15,8864.36,8884.87,8796.65,8796.65,0,MAD
2015-12-16,8796.65,8870.44,8796.65,8864.75,0,MAD
2015-12-17,8863.02,8870.07,8812.57,8846.45,0,MAD
2015-12-18,8843.7,8860.92,8821.78,8860.92,0,MAD
2015-12-21,8861.94,8864.25,8789.89,8864.25,0,MAD
2015-12-22,8862.78,8878.53,8848.41,8863.38,0,MAD
2015-12-23,8858.99,8893.1,8836.15,8893.1,0,MAD
2015-12-28,8885.18,8905.83,8836.22,8856.06,0,MAD
2015-12-29,8817.89,8873.96,8795.62,8873.96,0,MAD
2015-12-30,8873.72,8873.72,8802.9,8868.85,0,MAD
2015-12-31,8867.46,8925.71,8843.28,8925.71,0,MAD
