date,Value,Low,High,Variation (%),Volume
29/05/2017,272.3,272.3,273.0,-0.26,313005
30/05/2017,271.7,271.5,271.7,-0.22,7925
31/05/2017,272.0,272.0,273.0,0.11,7963
01/06/2017,272.0,272.0,273.0,0.0,5458
02/06/2017,271.0,270.6,272.0,-0.37,37358
05/06/2017,272.15,270.5,272.15,0.42,112022
06/06/2017,280.0,272.3,280.0,2.88,64505
07/06/2017,292.1,285.0,295.0,4.32,471560
08/06/2017,291.0,286.15,295.0,-0.38,37461
09/06/2017,291.0,282.0,292.7,0.0,86765
12/06/2017,287.0,283.0,290.0,-1.37,6333
13/06/2017,288.4,277.05,288.4,0.49,3590
14/06/2017,286.0,286.0,287.0,-0.83,14541
15/06/2017,284.5,283.15,287.9,-0.52,9354
16/06/2017,287.0,280.0,287.9,0.88,2262
19/06/2017,290.0,280.55,290.0,1.05,76436
20/06/2017,292.0,270.0,319.0,0.69,53237
21/06/2017,291.5,290.0,294.0,-0.17,102957
22/06/2017,295.0,291.5,295.0,1.2,17203
23/06/2017,297.5,295.0,300.0,0.85,112995
28/06/2017,299.8,297.55,302.0,0.77,49056
29/06/2017,295.05,295.05,298.0,-1.58,18605
30/06/2017,290.05,290.05,298.0,-1.69,18844
03/07/2017,292.0,290.4,297.0,0.67,2039
04/07/2017,296.95,294.0,297.0,1.7,1250
05/07/2017,301.0,295.5,301.5,1.36,7463
06/07/2017,300.0,298.5,300.3,1.69,114205
07/07/2017,303.9,300.05,303.9,1.3,37920
10/07/2017,301.0,300.0,305.0,-0.95,31636
11/07/2017,303.0,301.5,303.0,0.66,7088
12/07/2017,303.0,301.0,303.9,0.0,12600
13/07/2017,302.0,302.0,306.0,-0.33,24089
14/07/2017,298.0,298.0,302.0,-1.32,18293
17/07/2017,298.5,298.5,302.0,0.17,22859
18/07/2017,298.6,298.15,301.0,0.03,39505
19/07/2017,295.0,295.0,298.35,-1.21,8709
20/07/2017,290.0,290.0,291.2,-1.69,21747
21/07/2017,288.6,288.1,290.5,-0.48,61121
24/07/2017,290.0,288.5,293.0,0.49,15648
25/07/2017,292.0,291.0,298.45,0.69,1065
26/07/2017,296.5,296.0,297.0,1.54,383
27/07/2017,292.0,292.0,297.0,-1.52,19111
28/07/2017,293.0,292.0,295.5,0.34,9507
31/07/2017,290.0,290.0,295.0,-1.02,21659
01/08/2017,290.0,288.0,290.0,0.0,106957
02/08/2017,294.0,290.0,295.0,1.38,48945
03/08/2017,288.1,288.1,292.0,-2.01,290
04/08/2017,290.0,288.1,291.9,0.66,8945
07/08/2017,291.0,290.0,291.0,0.34,9485
08/08/2017,291.4,291.35,291.4,0.14,13628
09/08/2017,291.0,288.4,291.4,-0.14,104
10/08/2017,291.0,290.5,291.0,0.0,7393
11/08/2017,291.0,288.7,291.0,0.0,8143
15/08/2017,287.05,287.05,291.0,-1.36,6792
16/08/2017,290.8,290.8,290.9,1.31,7
17/08/2017,289.0,287.25,289.0,-0.62,4386
18/08/2017,287.1,287.1,287.15,-0.66,107
22/08/2017,286.5,286.5,290.7,-0.21,17645
23/08/2017,286.5,286.5,290.7,0.0,17645
24/08/2017,286.6,286.55,289.95,0.03,4331
25/08/2017,286.65,286.0,287.5,0.02,15450
28/08/2017,290.0,290.0,290.0,1.17,2
29/08/2017,286.1,286.0,290.0,-1.34,1335
30/08/2017,290.0,286.15,290.0,1.36,9494
31/08/2017,293.0,286.7,293.0,1.03,11277
04/09/2017,290.0,286.7,290.0,-1.02,14878
05/09/2017,290.5,290.5,290.5,0.17,100
06/09/2017,293.0,290.5,293.0,0.86,31610
07/09/2017,297.5,290.5,297.5,1.54,22342
08/09/2017,295.0,291.6,296.5,-0.84,22736
11/09/2017,305.05,299.0,305.05,3.41,59346
12/09/2017,310.0,305.0,310.0,1.62,134736
13/09/2017,306.55,306.0,308.0,-1.11,16836
14/09/2017,307.6,305.0,307.6,0.34,25631
15/09/2017,307.0,298.95,307.9,-0.2,59158
18/09/2017,304.25,297.1,304.25,-0.9,7272
19/09/2017,303.0,297.3,308.0,-0.41,3136
20/09/2017,297.0,297.0,298.0,-1.98,107
21/09/2017,295.0,291.05,298.5,-0.67,27620
25/09/2017,300.0,295.0,300.0,1.69,15099
26/09/2017,300.0,298.05,300.0,0.0,2050
27/09/2017,300.0,300.0,302.8,0.0,13203
28/09/2017,300.0,300.0,303.0,0.0,13288
29/09/2017,300.2,299.0,302.6,0.07,24739
02/10/2017,300.55,300.0,302.0,0.12,2600
03/10/2017,302.1,300.5,304.75,0.52,7376
04/10/2017,312.0,302.0,312.0,3.28,75940
05/10/2017,310.0,304.25,310.0,-0.64,34104
06/10/2017,310.0,304.1,310.0,0.0,12216
09/10/2017,309.0,305.0,310.0,-0.32,1756
10/10/2017,309.7,305.6,309.95,0.23,1575
11/10/2017,305.75,305.5,307.0,-1.28,10292
12/10/2017,306.05,305.55,306.05,0.1,24449
13/10/2017,309.0,304.0,309.0,0.96,12122
16/10/2017,304.0,304.0,305.0,-1.62,7545
17/10/2017,304.0,304.0,305.0,0.0,27281
18/10/2017,304.0,304.0,304.0,0.0,5000
19/10/2017,306.0,304.5,306.0,0.66,12560
20/10/2017,304.1,304.1,306.05,-0.62,58692
23/10/2017,304.0,304.0,304.15,-0.03,2855
24/10/2017,306.0,303.1,306.0,0.66,1481
25/10/2017,305.0,305.0,306.0,-0.33,75600
26/10/2017,303.0,303.0,303.05,-0.66,203
27/10/2017,305.0,300.0,305.0,0.66,44197
30/10/2017,300.0,300.0,300.75,-1.64,42019
31/10/2017,300.0,300.0,301.0,0.0,46351
01/11/2017,300.05,300.0,300.1,0.02,13259
02/11/2017,300.0,300.0,300.0,-0.02,4931
03/11/2017,304.6,300.0,304.6,1.53,19217
07/11/2017,302.1,302.1,302.5,-0.82,2632
08/11/2017,301.6,300.0,301.6,-0.17,8752
09/11/2017,307.0,300.15,307.0,1.79,10892
10/11/2017,309.8,300.0,300.0,0.91,43647
13/11/2017,310.0,305.0,312.0,0.06,24972
14/11/2017,306.0,306.0,306.05,-1.29,240
15/11/2017,306.0,306.0,306.05,0.0,240
16/11/2017,308.0,306.0,308.0,0.65,17052
17/11/2017,307.9,307.9,307.9,-0.03,2500
20/11/2017,306.0,306.0,308.0,-0.62,33402
21/11/2017,306.5,306.0,307.0,0.16,26250
22/11/2017,305.0,302.05,306.0,-0.49,60617
23/11/2017,305.0,302.05,306.0,0.0,60617
24/11/2017,303.0,302.2,303.0,-0.66,62898
27/11/2017,303.0,303.0,303.0,0.0,11238
28/11/2017,304.5,302.5,304.5,0.5,134
29/11/2017,304.0,302.6,304.0,-0.16,120
30/11/2017,303.5,303.1,303.5,-0.16,12535
04/12/2017,303.9,303.5,303.9,0.13,43145
05/12/2017,304.0,303.5,304.0,0.03,22000
06/12/2017,300.5,300.5,306.9,-1.15,11558
07/12/2017,301.0,300.5,306.0,0.17,15160
08/12/2017,301.0,300.5,301.0,0.0,10839
11/12/2017,301.05,295.0,303.9,0.02,20601
12/12/2017,303.0,331.0,303.0,0.65,11487
13/12/2017,300.1,300.1,302.95,-0.96,8979
14/12/2017,300.1,300.1,301.5,0.0,19272
15/12/2017,296.1,296.1,300.1,-1.33,73220
18/12/2017,295.1,295.1,300.05,-0.34,64023
19/12/2017,295.0,292.1,300.0,-0.03,11515
20/12/2017,294.0,293.1,299.0,-0.34,33126
21/12/2017,298.7,294.0,298.7,1.6,112808
22/12/2017,293.55,293.0,297.0,-1.72,29303
25/12/2017,290.0,290.0,290.0,-1.21,355
26/12/2017,294.0,293.1,300.0,0.0,7065
27/12/2017,294.3,293.25,294.9,0.1,67986
28/12/2017,294.8,294.0,299.95,0.17,209958
29/12/2017,294.0,293.2,295.0,-0.27,24314
02/01/2018,293.0,293.0,295.0,-0.34,11622
03/01/2018,289.9,266.0,295.0,-1.06,130393
04/01/2018,285.3,285.0,289.9,-1.59,751
05/01/2018,283.0,280.15,289.85,-0.81,159593
08/01/2018,285.4,291.75,291.75,0.85,49874
09/01/2018,287.0,285.6,289.75,0.56,10484
10/01/2018,286.65,285.7,290.0,-0.12,14903
12/01/2018,292.95,288.0,292.95,2.2,67245
15/01/2018,302.0,290.1,302.95,3.09,171050
16/01/2018,303.0,300.0,305.0,0.33,89262
17/01/2018,297.35,296.45,302.0,-1.86,44916
18/01/2018,297.3,297.1,298.0,-0.02,13597
19/01/2018,297.7,297.0,299.0,0.13,33950
22/01/2018,297.95,296.55,298.0,0.08,12955
23/01/2018,297.0,296.5,298.0,-0.32,24970
24/01/2018,297.6,297.55,298.0,0.2,55092
25/01/2018,297.6,297.55,298.0,0.0,17010
26/01/2018,297.0,296.25,297.6,-0.2,27117
29/01/2018,296.5,296.45,297.0,-0.17,46340
30/01/2018,294.0,294.0,296.45,-0.84,13663
31/01/2018,294.0,292.0,294.0,0.0,40579
01/02/2018,300.05,294.0,303.0,2.06,87337
02/02/2018,300.0,300.0,303.45,-0.02,49797
05/02/2018,298.0,295.25,298.0,-0.67,1116
06/02/2018,294.65,294.6,297.65,-1.12,5628
07/02/2018,295.3,294.75,297.95,0.22,30914
08/02/2018,296.0,295.05,297.9,0.24,11455
09/02/2018,299.0,295.1,299.0,1.01,23396
12/02/2018,296.5,295.25,296.5,-0.84,6372
13/02/2018,297.0,296.0,298.95,0.17,4075
14/02/2018,297.2,296.95,301.2,0.07,45388
15/02/2018,304.0,297.0,304.0,2.29,43878
16/02/2018,302.0,302.0,308.0,-0.66,57666
19/02/2018,301.95,300.6,304.9,-0.02,8306
20/02/2018,302.05,301.05,304.0,0.03,32806
21/02/2018,301.25,301.05,303.0,-0.26,4442
22/02/2018,303.0,301.55,303.0,0.58,12168
23/02/2018,303.0,302.15,303.8,0.0,19734
26/02/2018,300.0,300.0,300.3,-0.99,9680
27/02/2018,298.0,297.0,301.7,-0.67,40360
28/02/2018,297.55,297.0,299.0,-0.15,10190
01/03/2018,299.0,297.55,299.9,0.49,3294
02/03/2018,300.0,297.15,300.0,0.33,37389
05/03/2018,300.0,297.05,300.0,0.0,4896
06/03/2018,300.0,297.05,300.0,0.0,65979
07/03/2018,300.3,300.0,300.4,0.1,252274
08/03/2018,300.0,298.0,300.95,-0.1,44968
09/03/2018,302.9,300.0,303.0,0.97,76250
12/03/2018,300.5,300.0,303.6,-0.79,9506
13/03/2018,301.0,300.55,301.0,0.17,12253
14/03/2018,300.0,297.65,301.0,-0.33,16018
15/03/2018,300.0,297.05,301.0,0.0,17033
16/03/2018,299.95,298.2,300.0,-0.02,17806
19/03/2018,299.0,298.1,299.0,-0.32,6632
20/03/2018,299.5,298.1,299.5,0.17,4786
21/03/2018,291.45,290.2,298.0,-2.69,3743
22/03/2018,299.0,291.95,299.0,2.59,10806
23/03/2018,298.0,293.1,299.0,-0.33,19344
26/03/2018,297.9,294.05,298.0,-0.03,897
27/03/2018,294.15,294.15,295.1,-1.26,89274
28/03/2018,294.95,294.15,297.0,0.27,28072
29/03/2018,294.1,294.0,294.15,-0.29,366
30/03/2018,294.65,293.05,294.65,0.19,5056
02/04/2018,296.7,293.15,296.7,0.7,31523
03/04/2018,294.0,293.2,298.0,-0.91,39538
04/04/2018,294.95,293.15,297.35,0.32,5165
05/04/2018,294.0,294.0,294.55,-0.32,4325
06/04/2018,293.5,293.05,294.0,-0.17,5842
09/04/2018,292.0,291.05,293.5,-0.51,5700
10/04/2018,293.0,291.05,293.0,0.34,2531
11/04/2018,293.5,291.1,293.5,0.17,4639
12/04/2018,293.5,291.1,293.5,0.0,6012
13/04/2018,293.5,291.1,293.5,0.0,15329
16/04/2018,293.5,291.05,293.5,0.0,26920
17/04/2018,294.0,291.05,294.0,0.17,3747
18/04/2018,291.6,291.1,291.6,-0.82,4030
19/04/2018,295.0,291.65,295.0,1.17,10074
20/04/2018,295.5,292.05,295.5,0.17,6186
23/04/2018,292.0,292.0,292.0,-1.18,329
24/04/2018,295.0,292.25,295.0,1.03,8092
25/04/2018,292.25,292.25,292.25,-0.93,1961
26/04/2018,292.0,291.1,292.2,-0.09,60792
27/04/2018,295.0,292.05,295.0,1.03,42471
30/04/2018,293.5,291.15,295.0,-0.51,50272
02/05/2018,294.4,291.15,294.4,0.31,3939
03/05/2018,291.15,291.15,294.5,-1.1,1262
04/05/2018,291.2,291.15,291.2,0.02,7007
07/05/2018,293.95,291.05,293.95,0.94,11181
08/05/2018,291.35,291.1,293.95,-0.88,6066
09/05/2018,291.6,291.6,291.6,0.09,7158
10/05/2018,291.9,291.85,293.85,0.1,7921
11/05/2018,291.85,291.85,292.0,-0.02,15523
14/05/2018,291.9,291.8,292.0,0.02,7479
15/05/2018,291.5,291.0,292.05,-0.14,9396
16/05/2018,292.9,290.0,292.9,0.48,155388
17/05/2018,290.0,290.0,290.05,-0.99,13353
18/05/2018,290.0,290.0,290.0,0.0,20662
21/05/2018,290.0,290.0,290.0,0.0,21208
22/05/2018,290.0,290.0,290.0,0.0,27751
23/05/2018,290.0,290.0,291.0,0.0,7427
24/05/2018,290.0,290.0,291.0,0.0,816
25/05/2018,292.0,290.0,292.0,0.69,86144
28/05/2018,290.0,290.0,292.0,-0.68,3075
29/05/2018,290.0,290.0,290.2,0.0,8368
30/05/2018,290.0,290.0,290.15,0.0,14106
31/05/2018,290.5,290.0,290.5,0.17,77795
01/06/2018,291.0,290.05,291.0,0.17,21239
04/06/2018,290.0,290.0,290.05,-0.34,35265
05/06/2018,290.0,290.0,290.05,0.0,17047
06/06/2018,290.05,290.0,290.15,0.02,14806
07/06/2018,290.95,290.1,290.95,0.31,4949
08/06/2018,291.0,290.1,291.0,0.02,77745
11/06/2018,290.1,290.0,290.1,-0.31,6225
12/06/2018,290.05,290.0,290.5,-0.02,28048
13/06/2018,290.8,290.0,290.8,0.26,205832
14/06/2018,290.0,290.0,290.75,-0.28,21866
18/06/2018,289.0,288.0,290.0,-0.34,31602
19/06/2018,280.55,280.55,287.0,-2.92,4760
20/06/2018,285.5,285.0,289.35,1.76,1720
21/06/2018,285.0,285.0,286.0,-0.18,1006
22/06/2018,289.95,289.95,289.95,1.74,4661
25/06/2018,283.0,283.0,290.9,-0.16,846
26/06/2018,279.9,279.9,283.0,-1.1,6347
27/06/2018,277.0,277.0,282.0,-1.04,96448
28/06/2018,280.9,277.0,282.8,1.41,26669
29/06/2018,282.0,282.0,284.0,0.39,256008
02/07/2018,277.0,277.0,280.95,-1.77,11803
03/07/2018,272.05,272.05,277.0,-1.79,93856
04/07/2018,272.3,272.1,277.0,0.09,7475
05/07/2018,272.4,272.1,272.45,0.04,7475
06/07/2018,276.0,273.0,280.0,1.32,28774
09/07/2018,278.0,272.3,285.45,0.72,3526
10/07/2018,273.5,273.5,285.0,-1.62,5677
11/07/2018,276.5,273.0,276.5,1.1,9141
12/07/2018,272.0,272.0,273.05,-1.63,12017
13/07/2018,269.5,269.5,272.0,-0.92,13549
16/07/2018,269.5,266.1,269.5,0.0,3364
17/07/2018,265.0,265.0,270.0,-1.67,5652
18/07/2018,262.0,262.0,265.0,-1.13,10194
19/07/2018,262.1,262.1,269.5,0.04,58042
20/07/2018,265.0,264.0,266.0,1.11,104679
23/07/2018,270.05,264.0,270.05,1.91,8663
24/07/2018,272.0,270.15,276.0,0.72,56813
25/07/2018,270.05,270.05,273.0,-0.72,40186
26/07/2018,275.0,271.55,279.8,1.83,105088
27/07/2018,279.95,278.9,283.0,1.8,46300
31/07/2018,285.55,277.5,285.55,2.0,38229
01/08/2018,285.35,281.0,288.0,-0.07,551
02/08/2018,284.9,284.9,285.0,-0.16,6660
03/08/2018,276.4,276.4,282.0,-2.98,2072
06/08/2018,279.0,275.1,279.0,0.94,15445
07/08/2018,276.8,276.8,283.7,-0.79,16145
08/08/2018,274.0,274.0,275.5,-1.01,484
09/08/2018,274.0,274.0,275.5,0.0,484
10/08/2018,274.15,274.0,279.0,0.05,3400
13/08/2018,267.0,267.0,274.3,-2.61,2415
15/08/2018,272.2,270.15,275.0,1.95,2402
16/08/2018,270.15,270.1,275.0,-0.75,3245
17/08/2018,270.3,270.25,271.0,0.06,8892
24/08/2018,270.3,270.25,271.0,0.0,8892
27/08/2018,270.3,270.3,270.3,0.0,70
28/08/2018,270.0,268.05,270.3,-0.11,15947
29/08/2018,270.0,270.0,270.0,0.0,16950
30/08/2018,270.0,267.65,270.0,0.0,15010
31/08/2018,268.0,267.55,270.0,-0.74,19681
03/09/2018,265.0,265.0,269.0,-1.12,12681
04/09/2018,264.5,260.25,267.0,-0.19,26890
05/09/2018,263.0,260.2,263.0,-0.57,4628
06/09/2018,262.0,262.0,263.1,-0.38,48323
07/09/2018,258.5,258.5,268.7,-1.34,113393
10/09/2018,261.0,261.0,261.0,-0.38,10060
12/09/2018,261.0,260.0,263.95,0.0,29510
13/09/2018,266.85,261.1,266.85,2.24,17713
14/09/2018,263.55,262.5,264.0,-1.24,48948
17/09/2018,264.0,262.05,264.0,0.17,35618
18/09/2018,264.0,263.8,267.95,0.0,64840
19/09/2018,263.95,260.05,267.0,-0.02,3620
20/09/2018,266.9,266.0,266.9,1.12,21364
21/09/2018,268.0,266.0,273.5,0.41,153928
24/09/2018,264.0,264.0,264.0,-1.49,45
25/09/2018,274.85,265.05,274.85,4.11,89979
26/09/2018,275.0,272.05,276.0,0.05,6284
27/09/2018,280.05,272.5,280.05,1.84,45343
28/09/2018,279.0,272.1,280.0,-0.37,476772
01/10/2018,270.0,270.0,280.0,-3.23,3499
02/10/2018,278.0,269.5,278.0,2.96,2946
03/10/2018,276.65,276.65,276.65,-0.49,1
04/10/2018,271.4,271.4,275.0,-1.9,2021
05/10/2018,272.5,270.1,272.5,0.41,1620
08/10/2018,271.5,271.5,272.5,-0.37,316
09/10/2018,275.0,270.0,275.0,1.29,3746
10/10/2018,270.05,270.0,271.0,-1.8,22055
11/10/2018,270.05,270.0,270.05,0.0,1703
12/10/2018,270.05,266.0,271.0,0.0,43695
15/10/2018,270.0,266.05,270.0,-0.02,6782
16/10/2018,275.0,270.0,275.0,1.85,54096
17/10/2018,270.05,270.0,274.75,-1.8,32275
18/10/2018,270.25,268.1,274.0,0.07,24271
19/10/2018,273.7,268.45,273.7,1.28,8778
22/10/2018,272.1,270.2,275.0,-0.58,69326
23/10/2018,273.05,272.3,274.5,0.35,20322
24/10/2018,272.1,272.1,273.05,-0.35,16185
25/10/2018,272.3,272.3,272.3,0.07,8260
26/10/2018,271.05,270.35,274.95,-0.46,3336
29/10/2018,271.0,271.0,271.0,-0.48,67
30/10/2018,268.0,266.45,271.0,-1.11,37038
31/10/2018,271.5,268.5,271.5,1.31,263880
01/11/2018,266.4,266.4,271.5,-1.88,3066
02/11/2018,269.0,269.0,269.0,0.98,3151
05/11/2018,266.2,266.2,272.95,-0.08,65
07/11/2018,270.05,266.85,271.95,1.45,5124
08/11/2018,271.05,265.0,267.25,0.37,24236
09/11/2018,272.45,267.05,272.8,0.52,399
12/11/2018,268.0,266.3,270.0,-1.63,9859
13/11/2018,271.95,269.0,271.95,1.47,8193
14/11/2018,270.0,269.05,272.9,-0.72,10115
15/11/2018,271.0,268.25,271.0,0.37,78132
16/11/2018,271.05,268.15,271.05,0.02,24264
19/11/2018,272.0,268.25,272.0,0.35,5618
22/11/2018,272.0,270.0,272.0,0.0,10900
23/11/2018,273.5,270.05,273.5,0.55,17318
26/11/2018,275.0,270.25,275.0,0.55,3681
27/11/2018,278.0,272.6,278.0,1.09,21863
28/11/2018,281.0,277.95,281.0,1.08,51895
29/11/2018,282.0,275.05,283.7,0.36,27775
30/11/2018,285.0,278.5,285.0,1.06,72714
03/12/2018,281.15,280.0,285.0,-1.35,9065
04/12/2018,285.0,278.15,285.0,1.37,7595
05/12/2018,284.0,282.15,284.4,-0.35,665
06/12/2018,283.0,278.0,284.95,-0.35,428450
07/12/2018,275.1,275.1,280.0,-2.79,24638
10/12/2018,284.0,275.05,284.0,3.24,554481
11/12/2018,282.5,275.8,282.5,-0.53,50854
12/12/2018,277.05,276.75,282.5,-1.93,14090
13/12/2018,276.1,275.25,276.1,-0.34,1059
14/12/2018,273.0,273.0,279.4,-1.12,29290
17/12/2018,275.0,271.0,275.0,0.73,5130
18/12/2018,274.1,272.0,274.1,-0.33,1726
19/12/2018,277.0,277.0,277.0,1.06,2400
20/12/2018,274.1,274.05,274.15,-1.05,9799
21/12/2018,279.0,270.05,279.0,1.79,69137
24/12/2018,275.0,272.65,275.0,-1.43,870
25/12/2018,279.0,275.0,277.0,1.45,310425
26/12/2018,277.0,275.0,280.0,0.73,348355
27/12/2018,279.9,275.45,280.0,1.05,194998
28/12/2018,280.0,276.15,280.1,0.04,341321
31/12/2018,280.0,274.6,280.0,0.0,249269
02/01/2019,281.8,276.05,281.8,0.64,344179
03/01/2019,277.0,276.7,280.0,-1.7,87785
04/01/2019,279.0,276.75,279.0,0.72,19520
07/01/2019,278.0,276.95,279.05,-0.36,17982
08/01/2019,275.1,275.1,277.0,-1.04,11371
09/01/2019,275.3,275.2,275.3,0.07,19118
10/01/2019,274.15,274.15,276.0,-0.42,39278
14/01/2019,270.6,270.45,274.15,-1.29,20536
15/01/2019,274.0,270.8,274.0,1.26,5246
16/01/2019,271.55,271.1,271.6,-0.89,5301
17/01/2019,273.0,271.55,273.0,0.53,3566
18/01/2019,275.0,272.4,278.0,0.73,64082
21/01/2019,273.3,273.2,273.3,-0.62,8274
22/01/2019,273.95,271.6,273.95,0.24,5402
23/01/2019,273.8,272.2,273.8,-0.05,16686
24/01/2019,273.8,272.25,275.0,0.0,18063
25/01/2019,275.0,272.0,277.0,0.44,29533
28/01/2019,275.0,272.4,276.0,0.0,10258
29/01/2019,275.0,273.5,277.0,0.0,29060
30/01/2019,274.1,274.1,276.95,-0.33,19115
31/01/2019,275.0,274.45,276.9,0.33,40589
01/02/2019,275.05,274.5,275.1,0.02,44711
04/02/2019,274.5,274.05,275.0,-0.2,4400
05/02/2019,275.0,274.2,275.0,0.18,26188
06/02/2019,275.9,274.3,275.95,0.33,38668
07/02/2019,275.0,274.25,275.0,-0.33,10935
08/02/2019,275.0,274.2,275.9,0.0,117922
11/02/2019,275.9,274.55,275.9,0.33,29508
12/02/2019,277.0,274.55,277.0,0.4,35968
13/02/2019,275.8,275.0,275.8,-0.43,9398
14/02/2019,277.4,274.8,277.95,0.58,127909
15/02/2019,275.6,275.45,277.0,-0.65,135402
18/02/2019,275.0,274.05,276.0,-0.22,28162
19/02/2019,275.0,274.2,275.5,0.0,28782
20/02/2019,274.0,274.0,275.4,-0.36,130809
21/02/2019,270.0,270.0,274.5,-1.46,2469
22/02/2019,273.95,270.15,273.95,1.46,19507
25/02/2019,270.3,270.3,270.45,-1.33,3679
26/02/2019,272.6,266.0,272.6,0.85,3490
27/02/2019,266.5,266.0,272.75,-2.24,2626
28/02/2019,267.0,267.0,268.0,0.19,26655
01/03/2019,274.9,266.5,274.9,2.96,10521
04/03/2019,270.0,268.0,274.75,-1.78,6875
05/03/2019,269.95,266.35,270.0,-0.02,4582
06/03/2019,270.0,267.05,270.0,0.02,6461
07/03/2019,266.6,266.55,267.05,-1.26,1633
08/03/2019,267.0,267.0,269.8,0.15,13529
11/03/2019,267.0,266.65,267.3,0.0,1725
12/03/2019,269.9,266.55,269.9,1.09,8606
13/03/2019,250.0,266.55,269.9,-7.37,8606
14/03/2019,265.0,265.0,269.7,-1.82,58562
15/03/2019,265.0,265.0,265.5,0.0,24719
18/03/2019,265.0,265.0,265.0,0.0,3248
19/03/2019,268.0,265.0,268.0,1.13,7444
20/03/2019,265.0,265.0,268.0,-1.12,8850
21/03/2019,265.0,264.8,265.0,0.0,24870
22/03/2019,267.0,265.0,268.0,0.75,39204
25/03/2019,267.0,267.0,268.0,0.0,8832
26/03/2019,267.0,265.0,267.0,0.0,2801
27/03/2019,266.6,265.0,266.6,-0.15,24880
28/03/2019,266.0,265.1,267.0,-0.23,38705
29/03/2019,266.0,266.0,266.0,0.0,62948
01/04/2019,267.8,266.55,267.8,0.68,889
02/04/2019,267.9,265.0,267.9,0.04,12394
03/04/2019,265.0,265.0,266.0,-1.08,824
04/04/2019,265.0,265.0,265.0,0.0,6737
05/04/2019,265.2,265.0,266.0,0.08,49426
08/04/2019,267.0,265.25,267.0,0.68,336
09/04/2019,266.0,265.05,266.0,-0.37,9536
10/04/2019,266.0,265.05,266.0,0.0,2954
11/04/2019,266.0,265.0,266.0,0.0,6116
12/04/2019,265.0,265.0,267.0,-0.38,9305
15/04/2019,265.5,264.15,265.5,0.19,33783
16/04/2019,265.5,264.5,265.5,0.0,39857
17/04/2019,266.0,264.2,266.0,0.19,79583
18/04/2019,265.9,265.25,265.95,-0.04,79712
19/04/2019,266.0,265.55,267.0,0.04,80854
22/04/2019,267.0,265.7,267.0,0.38,3020
23/04/2019,265.0,265.0,267.0,-0.75,51954
24/04/2019,265.0,265.0,266.5,0.0,26001
25/04/2019,265.0,264.0,265.0,0.0,16255
26/04/2019,265.0,263.55,265.0,0.0,1155
29/04/2019,265.0,263.7,265.0,0.0,9549
30/04/2019,265.0,263.8,265.0,0.0,30060
02/05/2019,265.0,263.9,265.95,0.0,6645
03/05/2019,265.0,264.0,265.0,0.0,16933
06/05/2019,265.0,264.2,265.0,0.0,2458
07/05/2019,265.0,265.0,265.0,0.0,917
08/05/2019,265.0,264.25,265.0,0.0,5236
09/05/2019,265.0,264.3,265.0,0.0,18060
10/05/2019,266.0,264.3,266.0,0.38,10204
13/05/2019,266.0,265.0,266.0,0.0,32154
14/05/2019,266.0,265.05,266.0,0.0,7302
15/05/2019,268.0,266.0,268.0,0.75,5638
16/05/2019,266.0,265.3,266.0,-0.75,3522
17/05/2019,270.5,267.95,272.0,1.69,42620
20/05/2019,273.0,272.0,273.0,0.92,3235
21/05/2019,270.0,268.0,273.35,-1.1,29621
22/05/2019,274.95,267.05,274.95,1.83,6892
23/05/2019,273.95,268.6,274.95,-0.36,28208
24/05/2019,270.0,270.0,272.5,-1.44,15710
27/05/2019,270.0,268.6,270.0,-1.44,3350
28/05/2019,270.0,270.0,270.05,0.0,73890
29/05/2019,265.5,265.3,270.0,-1.67,2558
30/05/2019,264.9,264.9,266.0,-0.23,21643
31/05/2019,265.5,265.0,269.95,0.23,16221
03/06/2019,265.0,257.85,265.0,-0.19,3180
04/06/2019,268.0,265.0,268.0,1.13,3783
10/06/2019,265.0,265.0,268.0,-1.12,917
11/06/2019,265.05,265.0,267.9,0.02,2475
12/06/2019,265.0,265.0,265.0,-0.02,850
13/06/2019,265.0,260.0,265.05,0.0,15352
14/06/2019,270.0,270.0,270.0,1.89,41093
17/06/2019,270.0,268.0,272.8,0.0,16092
18/06/2019,277.0,270.1,277.0,2.59,50730
19/06/2019,271.3,271.15,279.0,-2.06,59006
20/06/2019,272.0,271.0,273.95,0.26,3248
21/06/2019,270.0,270.0,273.95,-0.74,18571
24/06/2019,266.05,265.65,274.0,-1.46,18135
25/06/2019,270.05,266.1,270.05,1.5,1132
26/06/2019,272.0,268.15,272.0,0.72,327151
27/06/2019,270.0,266.1,270.0,2.08,631380
28/06/2019,269.9,268.0,269.9,-0.04,151275
01/07/2019,269.15,266.95,269.15,-0.28,3815
02/07/2019,267.1,267.0,267.1,-0.76,27956
03/07/2019,268.0,267.1,268.0,0.34,5628
04/07/2019,267.2,267.1,268.0,-0.3,7385
05/07/2019,267.2,266.05,269.0,0.0,7688
08/07/2019,267.3,266.05,269.0,0.04,17517
09/07/2019,270.0,267.35,270.0,1.01,38139
10/07/2019,272.0,268.15,272.0,0.74,26199
11/07/2019,270.05,270.0,272.0,-0.72,2746
12/07/2019,272.05,270.0,273.0,0.74,49777
15/07/2019,272.95,272.95,272.95,0.33,880
16/07/2019,270.1,269.5,272.95,-1.04,5781
17/07/2019,275.05,272.95,276.0,1.83,196453
18/07/2019,275.0,270.7,275.0,-0.02,268306
19/07/2019,273.95,272.25,275.0,-0.38,29148
22/07/2019,273.0,272.0,273.0,-0.35,8445
23/07/2019,272.9,268.0,273.0,-0.04,11788
24/07/2019,270.1,270.05,270.2,-1.03,1631
25/07/2019,270.2,270.0,270.2,0.04,5619
26/07/2019,273.85,271.05,273.85,1.35,8976
29/07/2019,271.1,270.25,274.0,-1.0,16950
31/07/2019,273.9,272.0,273.9,1.03,58419
01/08/2019,272.0,270.6,272.0,-0.69,6485
02/08/2019,273.0,271.05,273.0,0.37,10099
05/08/2019,270.55,270.1,270.55,-0.9,880
06/08/2019,272.5,270.5,272.5,0.72,6022
07/08/2019,271.2,271.1,272.0,-0.48,19390
08/08/2019,271.7,271.7,271.7,0.18,276
09/08/2019,272.0,271.25,272.0,0.11,12943
15/08/2019,272.0,270.05,272.0,0.0,1287
16/08/2019,272.0,270.55,272.0,0.0,1458
19/08/2019,270.15,270.15,272.0,-0.68,1732
22/08/2019,271.0,270.3,271.0,0.31,16521
23/08/2019,272.5,271.0,272.5,0.55,6340
26/08/2019,273.5,272.5,273.5,0.37,10038
27/08/2019,274.95,272.0,274.95,0.53,37107
28/08/2019,272.0,271.65,272.0,-1.07,7682
29/08/2019,273.0,271.75,273.0,0.37,7029
30/08/2019,272.0,271.5,273.0,-0.37,24660
02/09/2019,272.0,270.0,272.0,0.0,3312
03/09/2019,270.8,270.75,271.0,-0.44,6146
04/09/2019,271.0,270.95,271.0,0.07,5883
05/09/2019,270.45,270.2,272.0,-0.2,7300
06/09/2019,270.3,270.05,270.3,-0.06,2526
09/09/2019,270.3,270.3,271.0,0.0,1489
10/09/2019,268.5,268.5,270.3,-0.67,14935
11/09/2019,268.0,268.0,269.0,-0.19,2162
12/09/2019,268.05,268.05,268.1,0.02,1933
13/09/2019,268.0,268.0,270.0,-0.02,5427
16/09/2019,268.0,268.0,268.0,0.0,3564
17/09/2019,268.0,268.0,269.95,0.0,8470
18/09/2019,268.0,267.6,270.0,0.0,6522
19/09/2019,268.0,268.0,268.1,0.0,18301
20/09/2019,268.0,268.0,269.95,0.0,27758
23/09/2019,270.0,268.0,270.0,0.75,5037
24/09/2019,268.0,268.0,270.0,-0.74,552
25/09/2019,268.0,268.0,268.1,0.0,8716
26/09/2019,268.0,267.5,268.05,0.0,9572
27/09/2019,269.95,268.0,269.95,0.73,10484
30/09/2019,268.0,268.0,268.8,-0.72,41516
01/10/2019,268.0,268.0,268.0,0.0,14927
02/10/2019,266.4,266.25,268.0,-0.6,6141
03/10/2019,265.5,265.5,269.0,-0.34,5523
04/10/2019,267.0,266.05,267.5,0.56,23523
07/10/2019,266.25,266.25,266.25,0.28,10
08/10/2019,265.0,265.0,266.3,-0.47,3884
09/10/2019,265.0,264.0,265.0,-0.47,18842
10/10/2019,265.0,262.4,265.05,0.0,7297
11/10/2019,264.9,263.5,267.0,-0.04,66628
14/10/2019,265.0,265.0,265.0,0.04,7298
15/10/2019,265.0,265.0,265.0,0.0,19593
16/10/2019,263.1,263.05,265.0,-0.72,7002
17/10/2019,268.95,263.1,268.95,2.22,2899
18/10/2019,267.95,267.0,267.95,-0.37,16868
21/10/2019,263.4,263.4,263.4,-1.7,11979
22/10/2019,267.95,263.6,267.95,1.73,11636
23/10/2019,265.5,264.0,265.5,-0.91,438
24/10/2019,265.5,264.0,265.5,0.0,438
25/10/2019,267.95,264.1,267.95,0.92,63610
28/10/2019,265.5,265.5,266.0,-0.91,31249
29/10/2019,266.0,264.5,266.0,0.19,1627950
30/10/2019,268.85,266.0,268.85,1.07,45026
31/10/2019,266.0,265.8,269.0,-1.06,228177
01/11/2019,268.95,268.95,268.95,1.11,1700
04/11/2019,266.5,265.95,266.5,-0.91,9124
05/11/2019,267.0,265.95,267.0,0.19,3766
07/11/2019,268.0,267.0,268.0,0.37,19871
08/11/2019,270.0,266.55,270.0,0.75,25213
12/11/2019,266.8,266.8,267.0,-1.19,4487
13/11/2019,268.0,266.35,268.0,0.45,232117
14/11/2019,269.95,267.05,269.95,0.73,18756
15/11/2019,270.0,267.25,270.0,0.02,27636
19/11/2019,271.0,267.9,271.0,0.39,44700
20/11/2019,270.0,270.0,270.0,-0.37,35542
21/11/2019,270.95,269.15,270.95,0.35,20884
22/11/2019,274.9,270.0,274.9,1.46,361138
25/11/2019,272.0,271.55,274.9,-1.05,49506
26/11/2019,272.6,271.0,272.6,0.22,28180
27/11/2019,272.0,270.8,272.0,-0.22,16016
28/11/2019,272.05,272.0,272.05,0.02,8661
29/11/2019,274.0,272.95,274.0,0.72,68289
02/12/2019,271.1,271.1,273.3,-1.06,11871
03/12/2019,272.0,269.2,272.0,0.33,10491
04/12/2019,270.1,270.1,270.15,-0.7,7921
05/12/2019,271.05,270.15,272.0,0.35,20420
06/12/2019,273.0,271.2,273.0,0.72,6111
09/12/2019,272.05,272.0,273.9,-0.35,16895
10/12/2019,274.0,272.1,274.0,0.72,23254
11/12/2019,273.95,272.15,274.0,-0.02,37112
12/12/2019,274.05,272.2,274.05,0.04,77671
13/12/2019,274.0,274.0,274.5,-0.02,58950
16/12/2019,273.0,272.05,274.0,-0.36,9753
17/12/2019,273.95,272.15,273.95,0.35,22334
18/12/2019,273.95,273.05,273.95,0.0,3492
19/12/2019,273.9,272.25,273.9,-0.02,249884
20/12/2019,274.0,273.9,274.5,0.04,154605
23/12/2019,273.0,273.0,273.5,-0.36,217232
24/12/2019,273.05,273.0,273.1,0.02,111515
25/12/2019,273.0,272.55,273.45,-0.02,70408
26/12/2019,273.0,272.4,273.0,0.0,2348
27/12/2019,273.0,272.4,273.0,0.0,5100
30/12/2019,273.95,272.9,273.95,0.35,75116
31/12/2019,277.5,273.0,278.0,1.3,575874
02/01/2020,276.9,275.0,276.9,-0.22,73947
03/01/2020,277.0,276.9,277.0,0.04,99634
06/01/2020,277.0,273.3,277.5,0.0,6643
07/01/2020,275.05,274.0,275.05,-0.7,31615
08/01/2020,274.0,274.0,276.9,-0.38,19649
09/01/2020,276.1,275.95,276.95,0.77,79547
10/01/2020,276.0,275.5,276.0,-0.04,21607
13/01/2020,272.8,272.8,273.0,-1.16,601
14/01/2020,274.0,273.0,275.0,0.44,21978
15/01/2020,274.0,274.0,274.0,0.0,7926
16/01/2020,275.95,274.0,275.95,0.71,106665
17/01/2020,277.0,275.05,277.0,0.38,182478
20/01/2020,275.55,275.1,276.9,-0.52,18310
21/01/2020,276.5,275.4,276.5,0.34,9308
22/01/2020,276.95,276.1,276.95,0.16,51312
23/01/2020,276.0,276.0,276.95,-0.34,1145
24/01/2020,276.9,275.0,276.9,0.33,82651
27/01/2020,274.5,274.0,276.0,-0.87,17909
28/01/2020,274.5,274.4,274.5,0.0,5745
29/01/2020,274.0,273.5,274.05,-0.18,27875
30/01/2020,273.5,272.05,274.9,-0.18,5800
31/01/2020,274.4,272.0,274.4,0.33,7919
03/02/2020,270.3,270.2,272.0,-1.49,862
04/02/2020,273.95,270.35,273.95,1.35,10434
05/02/2020,271.15,271.15,271.15,-1.02,1000
06/02/2020,271.2,270.35,271.2,0.02,2507
07/02/2020,273.9,266.0,273.9,1.0,42070
10/02/2020,273.5,273.5,273.5,-0.15,250
11/02/2020,270.1,270.1,270.1,-1.24,856
12/02/2020,270.15,270.1,271.0,0.02,18330
13/02/2020,272.0,270.1,272.0,0.7,1020
14/02/2020,274.0,270.0,274.0,0.74,45953
17/02/2020,274.5,274.5,274.9,0.18,3065
18/02/2020,273.85,270.6,274.0,-0.24,15798
19/02/2020,271.0,270.2,271.0,-1.04,8026
20/02/2020,271.15,271.1,271.2,0.06,6577
21/02/2020,275.0,272.55,275.0,1.42,492697
24/02/2020,271.0,270.1,271.05,-1.45,7688
25/02/2020,271.0,270.1,271.05,0.0,7688
26/02/2020,270.25,270.25,270.25,-0.28,570
27/02/2020,272.95,272.95,272.95,1.0,40
28/02/2020,271.0,271.0,272.95,-0.71,118649
02/03/2020,270.1,270.1,270.1,-0.33,2449
03/03/2020,267.0,267.0,270.1,-1.15,31367
04/03/2020,266.0,266.0,266.5,-0.37,25405
05/03/2020,269.9,264.0,270.0,1.47,46378
06/03/2020,264.0,264.0,266.0,-2.19,62225
09/03/2020,242.0,238.0,260.0,-8.33,102293
10/03/2020,260.0,248.0,263.9,7.44,25168
11/03/2020,259.95,259.95,263.7,-0.02,16055
12/03/2020,240.0,240.0,255.05,-7.67,65683
13/03/2020,240.0,235.0,240.0,0.0,110469
16/03/2020,216.05,216.05,240.0,-9.98,63884
17/03/2020,207.45,207.45,218.0,-3.98,53464
18/03/2020,199.2,199.2,207.45,-3.98,47156
19/03/2020,207.15,191.25,207.15,3.99,176723
20/03/2020,215.4,207.0,215.4,3.98,81492
23/03/2020,224.0,224.0,224.0,3.99,11966
24/03/2020,226.0,226.0,230.0,0.89,140135
25/03/2020,217.0,217.0,229.0,-3.98,179888
26/03/2020,216.8,216.8,225.0,-0.09,46104
27/03/2020,217.0,213.95,217.0,0.09,81208
30/03/2020,217.0,216.0,217.0,0.0,21257
31/03/2020,216.0,216.0,225.0,-0.46,67060
01/04/2020,215.0,213.0,216.0,-0.46,25518
02/04/2020,215.0,213.0,215.0,0.0,33110
03/04/2020,210.0,210.0,215.0,-2.33,54353
06/04/2020,208.0,208.0,210.0,-0.95,405
07/04/2020,199.7,199.7,210.0,-3.99,45763
08/04/2020,201.0,199.0,202.95,0.65,55139
09/04/2020,199.0,199.0,209.0,-1.0,8061
10/04/2020,201.8,200.0,204.0,1.41,42054
13/04/2020,205.75,205.7,205.75,1.96,121
14/04/2020,207.0,207.0,208.5,0.61,695
15/04/2020,203.0,203.0,211.9,-1.93,8040
16/04/2020,200.0,200.0,203.1,-1.48,28147
17/04/2020,198.95,198.95,202.0,-0.53,13957
20/04/2020,198.05,198.0,200.0,-0.45,2212
21/04/2020,195.15,195.15,201.5,-1.44,21313
22/04/2020,195.05,195.05,197.95,-0.05,1206
23/04/2020,195.0,195.0,198.85,-0.03,18292
24/04/2020,196.0,196.0,198.0,0.51,12362
27/04/2020,198.0,197.95,199.95,1.02,17299
28/04/2020,200.0,198.0,200.0,1.01,106120
29/04/2020,200.15,200.15,203.95,0.08,7362
30/04/2020,204.0,204.0,206.0,1.92,30452
04/05/2020,200.0,200.0,205.0,-1.96,15304
05/05/2020,202.0,200.45,205.9,1.0,33886
06/05/2020,204.05,203.05,205.5,1.01,9606
07/05/2020,204.05,203.05,205.5,0.0,9606
08/05/2020,196.2,196.2,206.9,-3.85,27100
11/05/2020,197.0,197.0,203.0,0.41,14018
12/05/2020,195.0,195.0,200.0,-1.02,28054
13/05/2020,190.0,190.0,194.9,-2.56,2744
14/05/2020,195.0,195.0,196.2,2.63,264
15/05/2020,193.0,193.0,195.0,-1.03,68328
18/05/2020,197.3,194.0,198.0,2.23,18843
19/05/2020,198.0,197.65,199.9,0.35,22634
20/05/2020,199.0,199.0,200.95,0.51,28053
21/05/2020,202.0,200.0,203.9,1.51,408
22/05/2020,203.0,200.0,203.5,0.5,17663
26/05/2020,205.0,203.0,205.0,0.99,24564
27/05/2020,210.0,205.1,210.0,2.44,70222
28/05/2020,210.0,208.1,213.0,0.0,141210
29/05/2020,214.0,209.2,214.5,1.9,145226
01/06/2020,214.0,212.5,217.2,0.0,12000
02/06/2020,215.0,214.0,216.5,0.47,36635
03/06/2020,218.2,218.0,219.95,1.49,38901
04/06/2020,221.0,219.2,225.0,1.28,54682
05/06/2020,220.0,220.0,225.0,-0.45,16075
08/06/2020,223.5,220.0,224.0,1.59,3689
09/06/2020,221.0,221.0,224.0,-1.12,37873
10/06/2020,216.0,215.05,222.95,-2.26,289239
11/06/2020,219.9,216.0,219.9,1.81,3440
12/06/2020,217.0,215.6,219.0,-1.32,39151
15/06/2020,218.9,218.9,219.95,0.88,1668
16/06/2020,218.05,215.25,220.0,-0.39,4656
17/06/2020,226.75,226.75,226.75,3.99,6783
18/06/2020,222.6,222.6,233.5,-1.83,195362
19/06/2020,223.0,220.1,225.0,0.18,85552
22/06/2020,224.0,223.5,227.45,0.45,570
23/06/2020,223.1,222.0,225.9,-0.4,3025
24/06/2020,221.0,221.0,225.0,-0.94,9105
25/06/2020,220.0,220.0,223.0,-0.45,4929
26/06/2020,218.0,218.0,220.0,-0.91,61551
29/06/2020,218.5,218.1,225.9,0.23,2490
30/06/2020,219.8,219.8,220.0,0.59,41563
01/07/2020,223.7,219.5,223.7,1.77,25712
02/07/2020,223.0,223.0,223.95,-0.31,762
03/07/2020,222.9,221.0,224.0,-0.04,3671
06/07/2020,219.9,219.9,224.35,-1.35,12057
07/07/2020,221.0,219.9,222.0,0.5,6885
08/07/2020,222.0,222.0,222.0,0.45,10
09/07/2020,223.7,221.0,223.7,0.77,11913
10/07/2020,221.5,221.5,221.5,-0.98,5273
13/07/2020,220.0,220.0,223.85,-0.68,5360
14/07/2020,220.0,219.0,220.0,0.0,3156
15/07/2020,221.0,218.0,222.9,0.45,27544
16/07/2020,221.55,218.2,222.95,0.25,39809
17/07/2020,222.05,219.5,222.95,0.23,8912
20/07/2020,223.0,222.9,223.5,0.43,802
21/07/2020,223.0,223.0,223.45,0.0,17568
22/07/2020,223.0,220.6,223.0,0.0,22362
23/07/2020,223.0,222.55,225.0,0.0,11690
24/07/2020,223.0,221.0,224.9,0.0,45203
27/07/2020,223.0,221.0,224.0,0.0,10453
28/07/2020,227.0,220.0,227.0,1.79,8682
29/07/2020,229.8,225.0,230.0,1.23,26409
03/08/2020,229.0,228.9,229.95,-0.35,150
04/08/2020,227.8,225.0,228.9,-0.52,537
05/08/2020,226.0,225.6,228.0,-0.79,3264
06/08/2020,226.3,225.65,226.3,0.13,87
07/08/2020,228.0,228.0,228.5,0.75,11065
10/08/2020,227.0,227.0,228.9,-0.44,108
11/08/2020,228.15,228.0,228.15,0.51,7009
12/08/2020,229.0,228.0,229.0,0.37,30721
13/08/2020,233.0,230.0,233.0,1.75,22261
17/08/2020,234.9,234.0,235.0,0.82,4724
18/08/2020,232.5,231.5,236.0,-1.02,28121
19/08/2020,232.5,228.1,232.5,0.0,51520
24/08/2020,229.45,228.25,231.5,-1.31,38180
25/08/2020,228.5,228.0,228.5,-0.41,9790
26/08/2020,225.0,225.0,225.0,-1.53,40
27/08/2020,229.0,225.0,229.0,1.78,9839
28/08/2020,225.0,223.9,228.95,-1.75,11317
31/08/2020,225.65,224.5,225.65,0.29,12665
01/09/2020,234.65,228.5,234.65,3.99,66545
02/09/2020,234.9,230.05,235.0,0.11,36270
03/09/2020,236.0,236.0,236.0,0.47,50
04/09/2020,232.5,232.5,233.0,-1.48,5576
07/09/2020,232.5,232.5,233.0,0.0,5576
08/09/2020,233.0,232.05,234.0,0.22,19076
09/09/2020,236.0,232.15,236.0,1.29,4141
10/09/2020,236.0,233.15,237.8,0.0,70714
11/09/2020,235.1,232.0,237.75,-0.38,13899
14/09/2020,233.05,232.5,233.1,-0.87,8975
15/09/2020,232.65,232.65,233.05,-0.17,7439
16/09/2020,234.0,233.5,234.05,0.58,5077
17/09/2020,231.0,231.0,233.5,-1.28,69043
18/09/2020,230.5,230.05,231.0,-0.22,18739
21/09/2020,230.15,230.15,230.6,-0.15,780
22/09/2020,231.0,230.4,231.0,0.37,1482
23/09/2020,231.05,231.05,235.0,0.02,3896
24/09/2020,232.05,231.15,233.0,0.43,23552
25/09/2020,232.05,232.0,233.0,0.0,10505
28/09/2020,232.0,232.0,232.0,-0.02,11
29/09/2020,234.0,232.0,234.0,0.86,9280
30/09/2020,231.05,231.05,233.0,-1.26,1806
01/10/2020,232.0,231.0,233.0,0.41,20532
02/10/2020,233.0,233.0,233.0,0.43,250
05/10/2020,231.05,231.05,233.2,-0.84,28536
06/10/2020,231.1,231.1,231.1,0.02,159
07/10/2020,233.1,231.85,233.95,0.87,21899
08/10/2020,235.0,232.5,235.0,0.82,76574
09/10/2020,235.0,232.6,235.8,0.0,28725
12/10/2020,235.0,234.0,235.0,0.0,1327
13/10/2020,236.05,235.2,237.0,0.45,26990
14/10/2020,242.95,237.95,244.0,2.92,42052
15/10/2020,240.2,240.05,243.15,-1.13,6535
16/10/2020,237.0,236.7,240.1,-1.33,94332
19/10/2020,238.0,237.05,239.9,0.42,321
20/10/2020,240.6,239.75,242.0,1.09,103415
21/10/2020,235.15,235.0,238.0,1.1,3914
22/10/2020,238.05,235.0,238.05,1.23,20123
23/10/2020,240.95,238.0,241.65,1.22,178415
26/10/2020,240.05,239.9,241.9,-0.37,24801
27/10/2020,240.0,238.3,241.0,-0.02,27214
28/10/2020,240.0,238.6,241.8,0.0,9592
02/11/2020,236.7,236.7,240.0,-1.38,754
03/11/2020,236.75,236.3,236.75,0.02,6826
04/11/2020,237.0,236.35,237.0,0.11,7123
05/11/2020,238.0,238.0,238.0,0.42,5
09/11/2020,241.9,237.5,242.0,1.64,83680
10/11/2020,244.0,241.7,245.0,0.87,75569
11/11/2020,241.5,241.5,244.0,-1.02,14109
12/11/2020,243.8,238.5,244.0,0.95,6763
13/11/2020,242.45,240.05,243.9,-0.55,21713
16/11/2020,242.45,241.6,243.0,0.0,12817
17/11/2020,243.0,242.45,243.0,0.23,33269
19/11/2020,244.0,243.0,244.5,0.41,18520
20/11/2020,246.5,244.5,247.0,1.02,66868
23/11/2020,243.2,243.2,244.6,-1.34,1209
24/11/2020,245.0,245.0,246.9,0.74,28338
25/11/2020,246.8,246.0,246.85,0.73,47409
26/11/2020,246.0,245.1,246.9,-0.32,6382
27/11/2020,243.1,242.5,246.0,-1.18,23695
30/11/2020,245.0,243.15,245.95,0.78,32339
01/12/2020,245.0,242.35,245.0,0.0,1043
02/12/2020,245.05,242.5,247.0,0.02,15919
03/12/2020,244.5,244.0,246.0,-0.22,3004
04/12/2020,245.0,245.0,247.0,0.2,8849
07/12/2020,245.0,244.35,246.95,0.0,7672
08/12/2020,246.95,244.5,246.95,0.8,9315
09/12/2020,245.05,245.05,247.0,-0.77,5223
10/12/2020,247.0,246.95,247.0,0.8,2706
11/12/2020,250.0,247.2,250.0,1.21,104980
14/12/2020,249.5,247.65,253.0,-0.2,1581
15/12/2020,251.0,249.0,251.0,0.6,16748
16/12/2020,257.0,250.0,258.95,2.39,154680
17/12/2020,259.0,251.15,264.8,0.78,92725
18/12/2020,254.6,254.6,259.9,-1.7,48944
21/12/2020,245.0,244.6,252.6,-3.77,33298
22/12/2020,250.0,244.0,252.0,2.04,27848
23/12/2020,251.0,248.05,256.95,0.4,3211
24/12/2020,250.0,250.0,251.1,-0.4,14645
25/12/2020,247.0,247.0,250.0,-1.2,37380
28/12/2020,254.0,245.0,250.0,2.83,3748
29/12/2020,245.0,245.0,246.1,-0.41,770
30/12/2020,245.0,245.0,246.1,0.0,770
31/12/2020,249.7,246.1,249.75,1.92,11781
04/01/2021,252.5,252.5,252.5,1.12,1
05/01/2021,249.6,246.55,249.6,-1.15,820
06/01/2021,244.0,244.0,249.55,-2.24,4820
07/01/2021,247.0,245.0,249.5,1.23,13
08/01/2021,246.0,245.0,246.0,-0.4,3950
12/01/2021,249.0,243.1,249.0,1.22,2012
13/01/2021,244.05,244.05,249.0,-1.99,24
14/01/2021,250.0,244.9,250.0,2.44,13974
15/01/2021,253.5,250.0,253.5,1.4,76971
18/01/2021,255.0,250.0,255.9,0.59,7359
19/01/2021,256.0,251.85,257.0,0.39,57168
20/01/2021,257.5,256.0,257.5,0.59,20723
21/01/2021,252.7,252.7,257.95,-1.86,32151
22/01/2021,256.95,250.8,257.5,1.68,104328
25/01/2021,257.0,251.45,257.0,0.02,36162
26/01/2021,259.95,257.75,260.0,1.15,63578
27/01/2021,257.65,257.55,258.5,-0.88,4248
28/01/2021,257.25,257.2,257.25,-0.16,1901
29/01/2021,258.95,257.2,258.95,0.66,22796
01/02/2021,257.1,254.1,258.95,-0.71,4903
02/02/2021,257.1,254.2,258.0,0.0,10227
03/02/2021,256.2,254.0,258.55,-0.35,6403
04/02/2021,255.1,255.05,256.5,-0.43,14747
05/02/2021,256.25,256.0,256.25,0.45,37360
08/02/2021,258.0,256.0,258.0,0.68,54607
09/02/2021,254.75,254.7,258.0,-1.26,47686
10/02/2021,254.0,251.1,257.9,-0.29,2023
11/02/2021,253.0,251.2,257.7,-0.39,35122
12/02/2021,253.1,251.0,257.8,0.04,44908
15/02/2021,253.3,253.1,253.3,0.08,1009
16/02/2021,254.0,251.3,256.4,0.28,3138
17/02/2021,254.05,254.0,254.05,0.02,11147
18/02/2021,255.0,252.0,256.0,0.37,10205
19/02/2021,254.9,252.25,254.9,-0.04,66
22/02/2021,254.9,252.25,255.0,0.0,2997
23/02/2021,251.0,250.0,252.0,-1.53,6064
24/02/2021,251.0,249.0,252.85,0.0,12819
25/02/2021,250.05,250.0,251.95,-0.38,12406
26/02/2021,250.0,250.0,250.2,-0.02,24825
01/03/2021,248.05,248.05,251.9,-0.78,1634
02/03/2021,251.4,249.0,251.85,1.35,250
03/03/2021,249.15,248.55,251.35,-0.89,6460
04/03/2021,250.95,250.95,250.95,0.72,40
05/03/2021,250.0,248.95,251.9,-0.38,4358
08/03/2021,248.65,248.65,248.65,-0.54,5
09/03/2021,248.5,248.5,248.7,-0.06,2297
10/03/2021,248.5,248.15,248.5,0.0,4092
11/03/2021,247.3,247.3,248.05,-0.48,5800
12/03/2021,249.0,249.0,249.0,0.69,32238
15/03/2021,249.0,249.0,249.05,0.0,6074
16/03/2021,250.0,246.7,250.0,0.4,3328
17/03/2021,254.5,250.0,255.0,1.8,33486
18/03/2021,252.5,249.45,254.4,-0.79,2956
19/03/2021,254.0,248.35,254.0,0.59,53458
22/03/2021,248.55,248.2,253.15,-2.15,6006
23/03/2021,249.1,248.55,252.0,0.22,15041
24/03/2021,249.1,249.1,249.1,0.0,1561
25/03/2021,250.0,248.5,250.0,0.36,5577
26/03/2021,250.0,249.5,251.8,0.0,1616442
29/03/2021,249.75,249.7,253.9,-0.1,2980
30/03/2021,251.0,249.0,251.0,0.5,4437
31/03/2021,253.0,250.1,253.0,0.8,81686
01/04/2021,254.95,250.15,255.5,0.77,90479
02/04/2021,253.0,250.05,253.0,-0.76,9412
05/04/2021,251.05,250.0,254.75,-0.77,6740
06/04/2021,250.15,250.1,251.05,-0.36,8650
07/04/2021,250.15,250.1,251.05,0.0,8650
08/04/2021,250.15,250.15,250.15,0.0,50
09/04/2021,253.0,253.0,253.0,1.14,105
12/04/2021,251.5,251.5,251.5,-0.59,1000
13/04/2021,253.0,253.0,253.0,0.6,19560
14/04/2021,254.1,254.1,254.1,0.43,16
15/04/2021,255.0,251.2,255.5,0.35,102740
16/04/2021,256.0,255.0,256.0,0.39,53764
19/04/2021,256.9,255.95,256.9,0.35,5084
20/04/2021,257.5,254.0,258.0,0.23,72297
21/04/2021,256.15,255.0,258.0,-0.52,119207
22/04/2021,256.35,254.55,258.0,0.08,21367
23/04/2021,258.0,255.1,258.0,0.64,19053
26/04/2021,258.0,256.1,258.0,0.0,152496
27/04/2021,258.5,254.25,258.5,0.19,23968
28/04/2021,258.0,258.0,259.9,-0.19,80575
29/04/2021,258.9,258.0,258.95,0.35,20168
30/04/2021,258.0,256.1,258.0,-0.35,13924
03/05/2021,259.5,258.0,259.5,0.58,162953
04/05/2021,262.0,258.55,262.0,0.96,197852
05/05/2021,262.65,262.05,265.0,0.25,38033
06/05/2021,263.0,262.1,265.0,0.13,31287
07/05/2021,264.5,262.0,264.5,0.57,152579
10/05/2021,265.0,262.6,265.0,0.19,41570
11/05/2021,262.5,262.5,263.0,-0.94,1242
12/05/2021,265.3,262.3,265.3,1.07,54832
17/05/2021,267.9,262.05,267.95,0.98,40907
18/05/2021,264.0,263.4,265.0,-1.46,2233
19/05/2021,266.0,263.0,268.0,0.76,26666
20/05/2021,264.0,264.0,266.0,-0.75,11682
21/05/2021,266.0,265.0,266.0,0.76,2046
24/05/2021,263.05,263.05,267.0,-1.11,1632
25/05/2021,268.1,266.1,269.65,1.92,24082
26/05/2021,269.0,266.0,269.0,0.34,6042
27/05/2021,266.0,266.0,269.0,-1.12,61565
28/05/2021,268.5,267.0,268.5,0.94,6226
31/05/2021,266.0,266.0,266.0,-0.93,35
01/06/2021,266.05,266.0,268.95,0.02,3559
02/06/2021,268.0,265.0,268.8,0.73,4248
03/06/2021,268.0,265.5,268.0,0.0,480
04/06/2021,267.5,265.0,267.5,-0.19,22386
07/06/2021,267.0,266.05,268.45,-0.19,16949
08/06/2021,266.0,263.55,268.45,-0.37,5337
09/06/2021,266.0,265.05,266.0,0.0,4876
10/06/2021,266.0,266.0,267.0,0.0,4153
11/06/2021,267.0,265.5,267.0,0.38,8363
14/06/2021,267.7,267.0,267.7,0.26,9654
15/06/2021,266.0,265.05,268.5,-0.64,25919
16/06/2021,266.0,265.5,266.5,0.0,13002
17/06/2021,265.5,265.05,267.0,-0.19,7586
18/06/2021,266.0,265.15,268.4,0.19,117009
21/06/2021,267.0,265.05,267.0,0.38,13153
22/06/2021,267.0,266.5,268.0,0.0,106474
23/06/2021,267.0,266.5,268.0,0.0,106474
24/06/2021,266.0,266.0,267.5,-0.37,12312
25/06/2021,265.0,263.5,266.05,-0.38,51358
28/06/2021,267.0,265.0,267.0,0.75,722
29/06/2021,266.0,262.2,266.95,-0.37,3513
30/06/2021,266.0,263.0,266.0,0.0,14028
01/07/2021,265.9,263.0,266.0,-0.04,6348
02/07/2021,265.0,265.0,265.0,-0.34,18510
05/07/2021,265.0,261.5,265.8,0.0,19167
06/07/2021,264.5,261.5,265.0,-0.19,151
07/07/2021,264.5,261.6,264.5,0.0,5328
08/07/2021,264.5,264.5,264.5,0.0,964
09/07/2021,264.5,263.5,264.5,0.0,25638
12/07/2021,264.7,264.0,265.0,0.08,4173
13/07/2021,267.0,264.0,269.0,0.87,105378
14/07/2021,266.5,265.0,267.0,-0.19,11049
15/07/2021,263.2,263.2,268.0,-1.24,314
16/07/2021,267.95,263.2,267.95,1.8,14432
19/07/2021,264.65,264.6,264.65,-1.23,688
20/07/2021,262.2,262.2,264.0,-0.93,19369
23/07/2021,267.0,262.25,267.0,1.83,3713
26/07/2021,265.25,264.05,267.0,-0.66,12650
27/07/2021,266.0,265.35,267.0,0.28,58249
28/07/2021,267.95,265.25,267.95,0.73,838
29/07/2021,270.0,267.5,271.0,0.77,253386
02/08/2021,271.5,268.05,271.5,0.56,36880
03/08/2021,271.9,261.55,272.0,0.15,12032
04/08/2021,271.0,269.6,272.0,-0.33,24773
05/08/2021,272.5,270.05,272.5,0.55,21270
06/08/2021,273.0,271.0,273.0,0.18,29638
09/08/2021,270.0,264.55,270.0,1.89,4565
11/08/2021,269.95,265.0,270.0,-0.02,38738
12/08/2021,268.0,265.0,269.0,-0.72,16890
13/08/2021,267.8,266.0,268.0,-0.07,20940
16/08/2021,269.0,265.6,269.0,0.45,9891
17/08/2021,269.0,265.65,269.95,0.0,5800
18/08/2021,271.0,267.0,271.0,0.74,28203
19/08/2021,272.5,269.0,272.5,0.55,32390
23/08/2021,272.0,268.0,272.0,-0.18,12638
24/08/2021,270.0,270.0,270.0,-0.74,3667
25/08/2021,271.0,270.0,271.0,0.37,4773
26/08/2021,272.0,271.0,272.0,0.37,13806
27/08/2021,272.0,270.0,272.0,0.0,25104
30/08/2021,271.1,268.3,272.45,-0.33,702
31/08/2021,270.6,270.0,272.4,-0.18,69575
01/09/2021,270.9,270.0,271.0,0.11,28095
02/09/2021,270.9,270.0,270.9,0.0,55744
03/09/2021,271.0,270.05,271.0,0.04,26533
06/09/2021,270.2,270.1,270.2,-0.3,2119
07/09/2021,271.0,270.2,271.0,0.3,30689
08/09/2021,271.5,270.7,271.5,0.18,17551
09/09/2021,275.0,271.5,275.0,1.29,228151
10/09/2021,272.0,272.0,275.0,-1.09,13718
13/09/2021,272.0,270.0,274.0,0.0,7029
14/09/2021,270.05,270.0,271.5,-0.72,10311
15/09/2021,270.0,268.25,270.05,-0.02,32669
16/09/2021,270.0,269.0,270.0,0.0,22217
17/09/2021,271.15,270.0,272.0,0.43,27216
20/09/2021,270.05,270.05,271.1,-0.41,33670
21/09/2021,271.0,269.5,271.0,0.35,38586
22/09/2021,271.0,269.6,271.0,0.0,52908
23/09/2021,272.6,271.0,273.0,0.59,37230
24/09/2021,276.0,271.0,278.0,1.25,162109
27/09/2021,275.0,272.05,276.95,-0.36,51533
28/09/2021,276.05,272.7,276.05,0.38,17676
29/09/2021,275.0,274.05,275.0,-0.38,5127
30/09/2021,276.0,272.0,276.0,0.36,24763
01/10/2021,275.2,273.0,275.2,-0.29,27479
04/10/2021,274.95,270.2,274.95,-0.09,21196
05/10/2021,270.65,270.5,272.05,-1.56,5999
06/10/2021,272.0,270.55,272.0,0.5,6539
07/10/2021,271.15,271.15,273.0,-0.31,1909
08/10/2021,274.9,271.25,274.9,1.38,11760
11/10/2021,272.05,271.15,275.0,-1.04,9090
12/10/2021,273.0,272.1,273.0,0.35,2487
13/10/2021,273.0,272.1,273.0,0.0,26185
14/10/2021,274.0,273.0,274.0,0.37,23858
15/10/2021,275.0,272.6,275.0,0.36,36475
18/10/2021,274.9,273.0,274.9,-0.04,10129
21/10/2021,275.0,272.15,275.0,0.04,68163
22/10/2021,275.15,272.2,275.15,0.05,17559
25/10/2021,278.0,274.0,278.0,1.04,112445
26/10/2021,280.0,276.9,280.0,0.72,140632
27/10/2021,283.0,280.0,288.45,1.07,131858
28/10/2021,282.0,281.0,287.9,-0.35,87820
29/10/2021,287.5,282.0,287.5,1.95,154508
01/11/2021,280.5,280.5,287.5,-2.43,50651
02/11/2021,282.25,281.0,284.0,0.62,179903
03/11/2021,282.55,282.25,284.0,0.11,67937
04/11/2021,282.5,282.5,285.55,-0.02,78289
05/11/2021,282.0,281.0,284.9,-0.18,25029
08/11/2021,280.0,280.0,280.6,-0.71,360
09/11/2021,280.0,280.0,283.95,0.0,38425
10/11/2021,279.0,279.0,280.0,-0.36,65241
11/11/2021,279.0,278.0,279.0,0.0,11977
12/11/2021,278.0,278.0,279.0,-0.36,51799
15/11/2021,278.0,278.0,278.8,0.0,33612
16/11/2021,278.0,278.0,278.0,0.0,43976
17/11/2021,279.0,278.95,280.0,0.36,71312
19/11/2021,279.0,279.0,279.5,0.0,60387
22/11/2021,280.0,279.0,280.0,0.36,27313
23/11/2021,279.5,279.5,280.0,-0.18,27881
24/11/2021,280.9,279.5,280.9,0.5,59381
25/11/2021,280.9,277.05,280.9,0.0,3642
26/11/2021,277.2,277.05,278.2,-1.32,53349
29/11/2021,276.5,273.0,276.5,-0.25,4258
30/11/2021,276.0,276.0,279.9,-0.18,93264
01/12/2021,280.0,275.0,280.0,1.45,17060
02/12/2021,279.0,276.1,279.0,-0.36,29641
03/12/2021,277.05,277.0,279.95,-0.7,17402
06/12/2021,275.5,275.5,276.0,-0.56,3358
07/12/2021,280.0,276.1,280.0,1.63,49659
08/12/2021,280.0,276.6,280.0,0.0,51690
09/12/2021,279.95,278.5,280.0,-0.02,50267
10/12/2021,280.0,280.0,280.5,0.02,177595
13/12/2021,280.0,278.0,280.5,0.0,20983
14/12/2021,277.0,277.0,280.0,-1.07,216333
15/12/2021,277.0,277.0,277.0,0.0,18634
16/12/2021,280.0,277.0,280.0,1.08,5921
17/12/2021,280.0,277.0,280.0,0.0,79165
20/12/2021,277.05,277.05,280.0,-1.05,17239
21/12/2021,279.95,278.0,279.95,1.05,7666
22/12/2021,278.5,278.0,279.95,-0.52,10130
23/12/2021,279.95,277.5,279.95,0.52,10979
24/12/2021,278.5,278.0,278.5,-0.52,17726
27/12/2021,279.95,278.0,279.95,0.52,8278
28/12/2021,280.0,277.6,280.0,0.02,25955
29/12/2021,280.0,278.0,280.0,0.0,16505
30/12/2021,280.45,279.05,280.45,0.16,22451
31/12/2021,280.95,279.0,280.95,0.18,40035
03/01/2022,278.0,278.0,279.0,-1.05,19659
04/01/2022,278.0,277.05,280.0,0.0,799
05/01/2022,278.0,278.0,281.85,0.0,15676
06/01/2022,280.95,278.3,280.95,1.06,28080
07/01/2022,284.0,280.95,284.9,1.09,48424
10/01/2022,284.0,284.0,286.0,0.0,11061
12/01/2022,286.0,286.0,287.0,0.7,29202
13/01/2022,287.0,280.0,287.0,0.35,28314
14/01/2022,290.0,285.0,290.0,1.05,160687
17/01/2022,288.95,288.0,293.0,-0.36,99638
18/01/2022,289.0,289.0,289.1,0.02,24630
19/01/2022,288.0,288.0,290.0,-0.35,42741
20/01/2022,288.15,288.0,289.0,0.05,26939
21/01/2022,288.0,288.0,289.0,-0.05,211219
24/01/2022,288.0,287.0,288.0,0.0,19141
25/01/2022,288.0,287.5,289.95,0.0,43314
26/01/2022,287.05,287.0,288.0,-0.33,11282
27/01/2022,287.1,287.1,288.0,0.02,3882
28/01/2022,287.0,286.05,288.0,-0.03,34592
31/01/2022,287.0,287.0,287.0,0.0,10
01/02/2022,286.0,286.0,287.5,-0.35,17383
02/02/2022,288.5,286.0,288.5,0.87,109690
03/02/2022,292.0,289.5,292.0,1.21,84258
04/02/2022,292.0,292.0,292.0,0.0,33842
07/02/2022,293.95,290.6,293.95,0.67,9680
08/02/2022,294.0,291.0,294.0,0.02,22674
09/02/2022,292.5,292.5,295.0,-0.51,35084
10/02/2022,295.0,293.0,295.0,0.85,6595
11/02/2022,294.55,294.05,295.0,-0.15,29238
14/02/2022,290.0,290.0,295.0,-1.54,28172
15/02/2022,290.0,285.6,290.0,0.0,27610
16/02/2022,288.0,288.0,288.5,-0.69,21620
17/02/2022,288.0,288.0,288.0,0.0,7363
18/02/2022,288.0,287.95,288.05,0.0,43854
21/02/2022,286.0,286.0,288.0,-0.69,24305
22/02/2022,285.0,282.0,286.0,-0.35,10912
23/02/2022,286.0,285.0,288.0,0.35,184857
24/02/2022,270.5,270.2,288.0,-5.42,147858
25/02/2022,275.0,270.5,284.0,1.66,29557
28/02/2022,275.0,275.0,279.0,0.0,83250
01/03/2022,275.0,271.0,279.95,0.0,20507
02/03/2022,274.0,272.6,279.0,-0.36,5907
03/03/2022,271.0,271.0,273.5,-1.09,14983
04/03/2022,270.0,270.0,274.95,-0.37,51273
07/03/2022,260.0,260.0,272.5,-3.7,21678
08/03/2022,261.0,260.0,265.0,0.38,76748
09/03/2022,265.9,263.0,275.3,1.88,8972
10/03/2022,260.0,260.0,270.0,-2.22,5765
11/03/2022,265.0,260.0,270.0,1.92,59239
14/03/2022,265.1,265.1,270.75,0.04,45
15/03/2022,265.0,264.0,272.5,-0.04,18206
16/03/2022,265.4,265.05,269.95,0.15,47080
17/03/2022,268.0,268.0,269.95,0.98,28887
18/03/2022,269.0,268.05,269.5,0.37,36475
21/03/2022,266.5,266.5,276.4,-0.93,4145
22/03/2022,265.1,265.1,268.0,-0.53,4175
23/03/2022,260.0,260.0,265.1,-1.92,86060
24/03/2022,256.0,256.0,260.0,-1.54,19086
25/03/2022,260.0,260.0,265.0,1.56,6300
28/03/2022,257.0,257.0,261.0,-1.15,918
29/03/2022,266.0,257.5,266.0,3.5,2406
30/03/2022,264.9,260.0,266.0,-0.41,3756
31/03/2022,267.0,265.0,267.0,0.79,1001
01/04/2022,266.0,266.0,266.95,-0.37,1711
04/04/2022,264.5,261.2,276.8,-0.56,19305
05/04/2022,265.5,265.0,265.5,0.38,42252
06/04/2022,270.0,262.05,270.0,1.69,110
07/04/2022,265.2,265.2,266.05,-1.78,42239
08/04/2022,266.0,266.0,266.3,0.3,25778
11/04/2022,266.0,266.0,266.0,0.0,570
12/04/2022,268.0,263.55,268.85,0.75,2080
13/04/2022,266.1,266.0,266.5,-0.71,18619
14/04/2022,268.5,266.05,268.85,0.9,44014
15/04/2022,266.0,266.0,268.4,-0.93,8177
18/04/2022,268.4,268.4,268.4,0.9,10
19/04/2022,266.05,266.0,268.4,-0.88,3143
20/04/2022,268.0,266.0,268.4,0.73,9002
21/04/2022,266.0,266.0,268.0,-0.75,28968
22/04/2022,266.05,266.0,268.0,0.02,10799
25/04/2022,268.0,266.05,269.0,0.73,35104
26/04/2022,265.0,265.0,268.0,-1.12,22500
27/04/2022,267.0,265.0,268.0,0.75,1443
28/04/2022,268.0,266.0,268.0,0.37,53
29/04/2022,267.0,267.0,267.0,-0.37,22008
04/05/2022,267.0,267.0,267.0,0.0,22008
05/05/2022,266.0,265.0,266.9,-0.37,13831
06/05/2022,265.5,265.0,265.5,-0.19,11855
09/05/2022,262.0,262.0,265.5,-1.32,14436
10/05/2022,255.0,255.0,262.0,-2.67,34610
11/05/2022,255.0,255.0,261.0,0.0,17803
12/05/2022,255.0,255.0,257.0,0.0,4177
13/05/2022,257.9,257.0,258.0,1.14,1349
16/05/2022,253.0,253.0,262.95,-1.9,5549
17/05/2022,253.0,253.0,262.95,0.0,5549
18/05/2022,257.0,256.0,257.0,1.58,16230
19/05/2022,257.0,256.0,264.9,0.0,9142
20/05/2022,253.0,253.0,255.05,-1.56,32054
23/05/2022,255.0,251.55,255.0,0.79,7110
24/05/2022,253.05,251.0,260.9,-0.76,28606
25/05/2022,255.0,250.0,255.0,0.77,4190
26/05/2022,253.0,253.0,255.0,-0.78,40909
27/05/2022,250.9,250.0,253.0,-0.83,9340
30/05/2022,250.0,250.0,250.9,-0.36,15845
31/05/2022,245.0,245.0,250.0,-2.0,95306
01/06/2022,251.9,251.9,251.9,2.82,28
